-- phpMyAdmin SQL Dump
-- version 5.2.1
-- https://www.phpmyadmin.net/
--
-- Host: localhost:3306
-- Generation Time: Apr 24, 2024 at 02:12 PM
-- Server version: 8.0.35-cll-lve
-- PHP Version: 8.1.27

SET SQL_MODE = "NO_AUTO_VALUE_ON_ZERO";
START TRANSACTION;
SET time_zone = "+00:00";


/*!40101 SET @OLD_CHARACTER_SET_CLIENT=@@CHARACTER_SET_CLIENT */;
/*!40101 SET @OLD_CHARACTER_SET_RESULTS=@@CHARACTER_SET_RESULTS */;
/*!40101 SET @OLD_COLLATION_CONNECTION=@@COLLATION_CONNECTION */;
/*!40101 SET NAMES utf8mb4 */;

--
-- Database: `kreati16_roi_prod`
--

-- --------------------------------------------------------

--
-- Table structure for table `access_tokens`
--

CREATE TABLE `access_tokens` (
  `access_tokens_id` int NOT NULL,
  `access_tokens` char(255) COLLATE utf8mb4_unicode_ci DEFAULT NULL,
  `influencer_id` int DEFAULT NULL,
  `brand_id` int DEFAULT NULL,
  `delete_flag` tinyint DEFAULT '0',
  `createdAt` datetime NOT NULL
) ENGINE=InnoDB DEFAULT CHARSET=utf8mb4 COLLATE=utf8mb4_unicode_ci;

--
-- Dumping data for table `access_tokens`
--

INSERT INTO `access_tokens` (`access_tokens_id`, `access_tokens`, `influencer_id`, `brand_id`, `delete_flag`, `createdAt`) VALUES
(1, 'eyJhbGciOiJIUzI1NiIsInR5cCI6IkpXVCJ9.eyJicmFuZHNfaWQiOjEsIm51bWJlciI6NzY4NzA3MTA3MCwiZW1haWwiOm51bGwsImJyYW5kbG9nIjp0cnVlLCJpYXQiOjE3MDI2NTgwOTEsImV4cCI6MTcwMzUyMjA5MX0.MgVwXBPf8vjUGJzMUxhcAKtBVieOlvVwC0KO8Bn_GQM', NULL, 1, 0, '2023-12-15 16:34:51'),
(2, 'eyJhbGciOiJIUzI1NiIsInR5cCI6IkpXVCJ9.eyJpbmZsdWVuY2VyX2lkIjoxLCJudW1iZXIiOjkzMzAyMDI2OTYsImJyYW5kbG9nIjpmYWxzZSwiaWF0IjoxNzAyODgxMDc4LCJleHAiOjE3MDM3NDUwNzh9.dXI76K9KL5kCNJt6hsL8eIy_Bd8XT13aPISwH990LrI', 1, NULL, 0, '2023-12-18 06:31:18'),
(3, 'eyJhbGciOiJIUzI1NiIsInR5cCI6IkpXVCJ9.eyJpbmZsdWVuY2VyX2lkIjoxLCJudW1iZXIiOjkzMzAyMDI2OTYsImJyYW5kbG9nIjpmYWxzZSwiaWF0IjoxNzAyODg2OTY5LCJleHAiOjE3MDM3NTA5Njl9.kAmFpHJMy8y0S-U4AbouJSvij09IIgZSz_w45_GnM1g', 1, NULL, 0, '2023-12-18 08:09:29'),
(4, 'eyJhbGciOiJIUzI1NiIsInR5cCI6IkpXVCJ9.eyJpbmZsdWVuY2VyX2lkIjoyLCJudW1iZXIiOm51bGwsImJyYW5kbG9nIjpmYWxzZSwiaWF0IjoxNzAyODg4MDk4LCJleHAiOjE3MDM3NTIwOTh9.pfyT4566KKvILqX9rQIxse-gYti4dvPep_LzNvIWCkc', 2, NULL, 0, '2023-12-18 08:28:18'),
(5, 'eyJhbGciOiJIUzI1NiIsInR5cCI6IkpXVCJ9.eyJpbmZsdWVuY2VyX2lkIjozLCJudW1iZXIiOjEyMzQ1Njc4OTAsImJyYW5kbG9nIjpmYWxzZSwiaWF0IjoxNzAyODkxMzQzLCJleHAiOjE3MDM3NTUzNDN9.R-mYzt1Fp93pC1bpTTfqCQgD2d3VySU5ze_GZDWPV38', 3, NULL, 0, '2023-12-18 09:22:23'),
(6, 'eyJhbGciOiJIUzI1NiIsInR5cCI6IkpXVCJ9.eyJpbmZsdWVuY2VyX2lkIjoxLCJudW1iZXIiOjkzMzAyMDI2OTYsImJyYW5kbG9nIjpmYWxzZSwiaWF0IjoxNzAyODkyNDIxLCJleHAiOjE3MDM3NTY0MjF9.9bnUf3tTU3U0Ncf3X2k5rqXWCKwdjVlk9WqlvL7f27Q', 1, NULL, 0, '2023-12-18 09:40:21'),
(7, 'eyJhbGciOiJIUzI1NiIsInR5cCI6IkpXVCJ9.eyJpbmZsdWVuY2VyX2lkIjozLCJudW1iZXIiOjEyMzQ1Njc4OTAsImJyYW5kbG9nIjpmYWxzZSwiaWF0IjoxNzAyODkyNjEwLCJleHAiOjE3MDM3NTY2MTB9.Q7trikSUWpbjoFyMygKs6LIW-fI_vakfchoJHjrmK1E', 3, NULL, 0, '2023-12-18 09:43:30'),
(8, 'eyJhbGciOiJIUzI1NiIsInR5cCI6IkpXVCJ9.eyJpbmZsdWVuY2VyX2lkIjoxLCJudW1iZXIiOjkzMzAyMDI2OTYsImJyYW5kbG9nIjpmYWxzZSwiaWF0IjoxNzAyODk3MzkwLCJleHAiOjE3MDM3NjEzOTB9.nx3E3MNbG45NjBAghE6LWWNxO65C59dXfHTYAUuc3yI', 1, NULL, 0, '2023-12-18 11:03:10'),
(9, 'eyJhbGciOiJIUzI1NiIsInR5cCI6IkpXVCJ9.eyJpbmZsdWVuY2VyX2lkIjoxLCJudW1iZXIiOjkzMzAyMDI2OTYsImJyYW5kbG9nIjpmYWxzZSwiaWF0IjoxNzAyODk4MTM5LCJleHAiOjE3MDM3NjIxMzl9.LgWzUZiqyp-h9uYNFepHno6CkfuhVQwNUJnmDO6_haU', 1, NULL, 0, '2023-12-18 11:15:39'),
(10, 'eyJhbGciOiJIUzI1NiIsInR5cCI6IkpXVCJ9.eyJpbmZsdWVuY2VyX2lkIjoxLCJudW1iZXIiOjkzMzAyMDI2OTYsImJyYW5kbG9nIjpmYWxzZSwiaWF0IjoxNzAyOTAyNDcyLCJleHAiOjE3MDM3NjY0NzJ9.M7_ODBH7lIT0rWuvns5ZSwfdsZ6LBhRyUCniydKlpT0', 1, NULL, 0, '2023-12-18 12:27:52'),
(11, 'eyJhbGciOiJIUzI1NiIsInR5cCI6IkpXVCJ9.eyJpbmZsdWVuY2VyX2lkIjozLCJudW1iZXIiOjEyMzQ1Njc4OTAsImJyYW5kbG9nIjpmYWxzZSwiaWF0IjoxNzAyOTAyNTU0LCJleHAiOjE3MDM3NjY1NTR9.rCxWplVAL_dT-_s19Y1O6Rs89Mhu-0J18paFQPoc4Tk', 3, NULL, 0, '2023-12-18 12:29:14'),
(12, 'eyJhbGciOiJIUzI1NiIsInR5cCI6IkpXVCJ9.eyJicmFuZHNfaWQiOjEsIm51bWJlciI6NzY4NzA3MTA3MCwiZW1haWwiOiJpbmZvQGtyZWF0aXZlbWFjaGluZXouY29tIiwiYnJhbmRsb2ciOnRydWUsImlhdCI6MTcwMjkwMjYxNCwiZXhwIjoxNzAzNzY2NjE0fQ.6223nW_Ry02m0iAZG0_-RSlsRwG3gM9ItHIMtCCUIYk', NULL, 1, 0, '2023-12-18 12:30:14'),
(13, 'eyJhbGciOiJIUzI1NiIsInR5cCI6IkpXVCJ9.eyJpbmZsdWVuY2VyX2lkIjoxLCJudW1iZXIiOjkzMzAyMDI2OTYsImJyYW5kbG9nIjpmYWxzZSwiaWF0IjoxNzAyOTAzMDg0LCJleHAiOjE3MDM3NjcwODR9.AG2aScdy3Q321EwSRRKhodbyK9msO_sUdRnrqpKV68A', 1, NULL, 0, '2023-12-18 12:38:04'),
(14, 'eyJhbGciOiJIUzI1NiIsInR5cCI6IkpXVCJ9.eyJpbmZsdWVuY2VyX2lkIjoxLCJudW1iZXIiOjkzMzAyMDI2OTYsImJyYW5kbG9nIjpmYWxzZSwiaWF0IjoxNzAyOTAzNDE5LCJleHAiOjE3MDM3Njc0MTl9.JazNEy0tSLVzFduf4r_qxmH4pbj7dWY8AzSKCV75R9g', 1, NULL, 0, '2023-12-18 12:43:39'),
(15, 'eyJhbGciOiJIUzI1NiIsInR5cCI6IkpXVCJ9.eyJicmFuZHNfaWQiOjEsIm51bWJlciI6NzY4NzA3MTA3MCwiZW1haWwiOiJpbmZvQGtyZWF0aXZlbWFjaGluZXouY29tIiwiYnJhbmRsb2ciOnRydWUsImlhdCI6MTcwMjkwMzQ3NCwiZXhwIjoxNzAzNzY3NDc0fQ.l_5riuwpiSw9sMjZRqOPLmJQ4sQw9zmqVt1haCWgA08', NULL, 1, 0, '2023-12-18 12:44:34'),
(16, 'eyJhbGciOiJIUzI1NiIsInR5cCI6IkpXVCJ9.eyJicmFuZHNfaWQiOjEsIm51bWJlciI6NzY4NzA3MTA3MCwiZW1haWwiOiJpbmZvQGtyZWF0aXZlbWFjaGluZXouY29tIiwiYnJhbmRsb2ciOnRydWUsImlhdCI6MTcwMjkwMzQ3NCwiZXhwIjoxNzAzNzY3NDc0fQ.l_5riuwpiSw9sMjZRqOPLmJQ4sQw9zmqVt1haCWgA08', NULL, 1, 0, '2023-12-18 12:44:34'),
(17, 'eyJhbGciOiJIUzI1NiIsInR5cCI6IkpXVCJ9.eyJpbmZsdWVuY2VyX2lkIjoxLCJudW1iZXIiOjkzMzAyMDI2OTYsImJyYW5kbG9nIjpmYWxzZSwiaWF0IjoxNzAyOTA1MTQ3LCJleHAiOjE3MDM3NjkxNDd9.AmVt32O5lwYmZpu4gk8egH_TSGk3wN7t8_l9L6-XXYg', 1, NULL, 0, '2023-12-18 13:12:27'),
(18, 'eyJhbGciOiJIUzI1NiIsInR5cCI6IkpXVCJ9.eyJpbmZsdWVuY2VyX2lkIjoxLCJudW1iZXIiOjkzMzAyMDI2OTYsImJyYW5kbG9nIjpmYWxzZSwiaWF0IjoxNzAyOTYxNDA5LCJleHAiOjE3MDM4MjU0MDl9.FkVvJrvV4hRgqfYycrM4gfZIuJIwhnpqxtjxQ3uD5A0', 1, NULL, 0, '2023-12-19 04:50:09'),
(19, 'eyJhbGciOiJIUzI1NiIsInR5cCI6IkpXVCJ9.eyJpbmZsdWVuY2VyX2lkIjoxLCJudW1iZXIiOjkzMzAyMDI2OTYsImJyYW5kbG9nIjpmYWxzZSwiaWF0IjoxNzAyOTY3ODkyLCJleHAiOjE3MDM4MzE4OTJ9.ri2J41L54NgshYf7ZsMYwvzou8W-Zzk6cAVsUeJJgGs', 1, NULL, 0, '2023-12-19 06:38:12'),
(20, 'eyJhbGciOiJIUzI1NiIsInR5cCI6IkpXVCJ9.eyJpbmZsdWVuY2VyX2lkIjoxLCJudW1iZXIiOjkzMzAyMDI2OTYsImJyYW5kbG9nIjpmYWxzZSwiaWF0IjoxNzAyOTY5NjI5LCJleHAiOjE3MDM4MzM2Mjl9.dqgEqrGs2sG8G-FHOkAUZtZGp0Bnq8fvZI_Xc02xwIg', 1, NULL, 0, '2023-12-19 07:07:09'),
(21, 'eyJhbGciOiJIUzI1NiIsInR5cCI6IkpXVCJ9.eyJpbmZsdWVuY2VyX2lkIjoxLCJudW1iZXIiOjkzMzAyMDI2OTYsImJyYW5kbG9nIjpmYWxzZSwiaWF0IjoxNzAyOTc0MDA5LCJleHAiOjE3MDM4MzgwMDl9.6N9D0i8_5HKnTVN6rFtWBGiyD43rXvFY7GmF5OXc2wM', 1, NULL, 0, '2023-12-19 08:20:09'),
(22, 'eyJhbGciOiJIUzI1NiIsInR5cCI6IkpXVCJ9.eyJpbmZsdWVuY2VyX2lkIjoxLCJudW1iZXIiOjkzMzAyMDI2OTYsImJyYW5kbG9nIjpmYWxzZSwiaWF0IjoxNzAyOTc1MzM1LCJleHAiOjE3MDM4MzkzMzV9.N6V6KjNwEffRlbUsAHTTgvHmCzX1p-BaZOBBMrv0_NM', 1, NULL, 0, '2023-12-19 08:42:15'),
(23, 'eyJhbGciOiJIUzI1NiIsInR5cCI6IkpXVCJ9.eyJpbmZsdWVuY2VyX2lkIjoxLCJudW1iZXIiOjkzMzAyMDI2OTYsImJyYW5kbG9nIjpmYWxzZSwiaWF0IjoxNzAyOTc5MjUwLCJleHAiOjE3MDM4NDMyNTB9.MhzxYI3e20P6VaJPNZSkUgu8S6Kkav_Rootjq7ezMcQ', 1, NULL, 0, '2023-12-19 09:47:30'),
(24, 'eyJhbGciOiJIUzI1NiIsInR5cCI6IkpXVCJ9.eyJpbmZsdWVuY2VyX2lkIjoxLCJudW1iZXIiOjkzMzAyMDI2OTYsImJyYW5kbG9nIjpmYWxzZSwiaWF0IjoxNzAyOTc5Mjg0LCJleHAiOjE3MDM4NDMyODR9.RuLNpURG1yENo8mKeaqnDSJ_l4sVNS9HfDgJLkCdxJ8', 1, NULL, 0, '2023-12-19 09:48:04'),
(25, 'eyJhbGciOiJIUzI1NiIsInR5cCI6IkpXVCJ9.eyJpbmZsdWVuY2VyX2lkIjozLCJudW1iZXIiOjEyMzQ1Njc4OTAsImJyYW5kbG9nIjpmYWxzZSwiaWF0IjoxNzAyOTc5MzA2LCJleHAiOjE3MDM4NDMzMDZ9.wgXHM-MH0OvnqQ-nquzmzMl88hbUdOgJCaMPNB2eEsk', 3, NULL, 0, '2023-12-19 09:48:26'),
(26, 'eyJhbGciOiJIUzI1NiIsInR5cCI6IkpXVCJ9.eyJpbmZsdWVuY2VyX2lkIjoxLCJudW1iZXIiOjkzMzAyMDI2OTYsImJyYW5kbG9nIjpmYWxzZSwiaWF0IjoxNzAyOTgwMzY0LCJleHAiOjE3MDM4NDQzNjR9.05bhhkgSvh7xVaLseC31gBPkAVQzegehT8iBDgyAQJY', 1, NULL, 0, '2023-12-19 10:06:04'),
(27, 'eyJhbGciOiJIUzI1NiIsInR5cCI6IkpXVCJ9.eyJpbmZsdWVuY2VyX2lkIjoxLCJudW1iZXIiOjkzMzAyMDI2OTYsImJyYW5kbG9nIjpmYWxzZSwiaWF0IjoxNzAyOTgwNDkwLCJleHAiOjE3MDM4NDQ0OTB9.R6oU5lwjaSkqUCyQ2O3WGydtQKbZ4_V_QYnucYGPpRY', 1, NULL, 0, '2023-12-19 10:08:10'),
(28, 'eyJhbGciOiJIUzI1NiIsInR5cCI6IkpXVCJ9.eyJpbmZsdWVuY2VyX2lkIjozLCJudW1iZXIiOjEyMzQ1Njc4OTAsImJyYW5kbG9nIjpmYWxzZSwiaWF0IjoxNzAyOTgzMzgzLCJleHAiOjE3MDM4NDczODN9.AmDqpNbPxnfA1TVWEifWCankxCniXN0zRSN6tPigFv0', 3, NULL, 0, '2023-12-19 10:56:23'),
(29, 'eyJhbGciOiJIUzI1NiIsInR5cCI6IkpXVCJ9.eyJpbmZsdWVuY2VyX2lkIjoxLCJudW1iZXIiOjkzMzAyMDI2OTYsImJyYW5kbG9nIjpmYWxzZSwiaWF0IjoxNzAzMDUxMzU2LCJleHAiOjE3MDM5MTUzNTZ9.pVFNpLKTf6ywS-SsTuGwq0IVygNzYuX7_CeduMovuSE', 1, NULL, 0, '2023-12-20 05:49:16'),
(30, 'eyJhbGciOiJIUzI1NiIsInR5cCI6IkpXVCJ9.eyJpbmZsdWVuY2VyX2lkIjoxLCJudW1iZXIiOjkzMzAyMDI2OTYsImJyYW5kbG9nIjpmYWxzZSwiaWF0IjoxNzAzMDU2MTk1LCJleHAiOjE3MDM5MjAxOTV9.Fa334l9s6edgFBcOo95d1bpTxCUeLq7Z_3-yC5KpenA', 1, NULL, 0, '2023-12-20 07:09:55'),
(31, 'eyJhbGciOiJIUzI1NiIsInR5cCI6IkpXVCJ9.eyJpbmZsdWVuY2VyX2lkIjozLCJudW1iZXIiOjEyMzQ1Njc4OTAsImJyYW5kbG9nIjpmYWxzZSwiaWF0IjoxNzAzMDU2MjQwLCJleHAiOjE3MDM5MjAyNDB9.loZcFnjeiWLhxQYvMcXs25k60Nf5g6AnEZpJYwVfahw', 3, NULL, 0, '2023-12-20 07:10:40'),
(32, 'eyJhbGciOiJIUzI1NiIsInR5cCI6IkpXVCJ9.eyJicmFuZHNfaWQiOjEsIm51bWJlciI6NzY4NzA3MTA3MCwiZW1haWwiOiJpbmZvQGtyZWF0aXZlbWFjaGluZXouY29tIiwiYnJhbmRsb2ciOnRydWUsImlhdCI6MTcwMzA2NjY3MSwiZXhwIjoxNzAzOTMwNjcxfQ.oAbd7i7TE0rvozeStCOZMkXuV3ByahB3BTFhlPKVTPI', NULL, 1, 0, '2023-12-20 10:04:31'),
(33, 'eyJhbGciOiJIUzI1NiIsInR5cCI6IkpXVCJ9.eyJicmFuZHNfaWQiOjIsIm51bWJlciI6OTMzMDIwMjY5NiwiZW1haWwiOiJzaGVpa2h4emFoZWVyQGdtYWlsLmNvbSIsImJyYW5kbG9nIjp0cnVlLCJpYXQiOjE3MDMwNjcyODgsImV4cCI6MTcwMzkzMTI4OH0.mi4pGsAA-0jYz_1AQNwgNPBxcTxxOMuzbizVwylFHE4', NULL, 2, 0, '2023-12-20 10:14:48'),
(34, 'eyJhbGciOiJIUzI1NiIsInR5cCI6IkpXVCJ9.eyJicmFuZHNfaWQiOjEsIm51bWJlciI6NzY4NzA3MTA3MCwiZW1haWwiOiJpbmZvQGtyZWF0aXZlbWFjaGluZXouY29tIiwiYnJhbmRsb2ciOnRydWUsImlhdCI6MTcwMzA2NzMwNywiZXhwIjoxNzAzOTMxMzA3fQ.obQP7YgUmBS2NZtFj5ZcptofrCtKHgpAGZW8vDIVT-U', NULL, 1, 0, '2023-12-20 10:15:07'),
(35, 'eyJhbGciOiJIUzI1NiIsInR5cCI6IkpXVCJ9.eyJpbmZsdWVuY2VyX2lkIjoxLCJudW1iZXIiOjkzMzAyMDI2OTYsImJyYW5kbG9nIjpmYWxzZSwiaWF0IjoxNzAzMDY4MjQ4LCJleHAiOjE3MDM5MzIyNDh9.rIhyq1CpxlBn6sSMxyKmkxtKXR5Y1tflglllW2tePcM', 1, NULL, 0, '2023-12-20 10:30:48'),
(36, 'eyJhbGciOiJIUzI1NiIsInR5cCI6IkpXVCJ9.eyJicmFuZHNfaWQiOjEsIm51bWJlciI6NzY4NzA3MTA3MCwiZW1haWwiOiJpbmZvQGtyZWF0aXZlbWFjaGluZXouY29tIiwiYnJhbmRsb2ciOnRydWUsImlhdCI6MTcwMzA2OTUyNCwiZXhwIjoxNzAzOTMzNTI0fQ.vyZIOnfR2TlCpBdJ79Ce6X50RPphA14ilWOKoK6NE-A', NULL, 1, 0, '2023-12-20 10:52:04'),
(37, 'eyJhbGciOiJIUzI1NiIsInR5cCI6IkpXVCJ9.eyJicmFuZHNfaWQiOjEsIm51bWJlciI6NzY4NzA3MTA3MCwiZW1haWwiOiJpbmZvQGtyZWF0aXZlbWFjaGluZXouY29tIiwiYnJhbmRsb2ciOnRydWUsImlhdCI6MTcwMzA3Njg0MiwiZXhwIjoxNzAzOTQwODQyfQ.AFCH5lGE-euCvl90yA06oiM_5MNIaSTG9cA1ogroD-4', NULL, 1, 0, '2023-12-20 12:54:02'),
(38, 'eyJhbGciOiJIUzI1NiIsInR5cCI6IkpXVCJ9.eyJpbmZsdWVuY2VyX2lkIjoxLCJudW1iZXIiOjkzMzAyMDI2OTYsImJyYW5kbG9nIjpmYWxzZSwiaWF0IjoxNzAzMDgwOTY2LCJleHAiOjE3MDM5NDQ5NjZ9.OFV_Hzh25gpOVRbjEa5QsJkPQ-1Lb2r0EGgSMZdGdeA', 1, NULL, 0, '2023-12-20 14:02:46'),
(39, 'eyJhbGciOiJIUzI1NiIsInR5cCI6IkpXVCJ9.eyJicmFuZHNfaWQiOjEsIm51bWJlciI6NzY4NzA3MTA3MCwiZW1haWwiOiJpbmZvQGtyZWF0aXZlbWFjaGluZXouY29tIiwiYnJhbmRsb2ciOnRydWUsImlhdCI6MTcwMzA4ODk0MywiZXhwIjoxNzAzOTUyOTQzfQ.bb-HQfD29MRr01bVW7C03Rkcy28hMWiXcGY-_LWpyak', NULL, 1, 0, '2023-12-20 16:15:43'),
(40, 'eyJhbGciOiJIUzI1NiIsInR5cCI6IkpXVCJ9.eyJicmFuZHNfaWQiOjEsIm51bWJlciI6NzY4NzA3MTA3MCwiZW1haWwiOiJpbmZvQGtyZWF0aXZlbWFjaGluZXouY29tIiwiYnJhbmRsb2ciOnRydWUsImlhdCI6MTcwMzA4ODk0MywiZXhwIjoxNzAzOTUyOTQzfQ.bb-HQfD29MRr01bVW7C03Rkcy28hMWiXcGY-_LWpyak', NULL, 1, 0, '2023-12-20 16:15:43'),
(41, 'eyJhbGciOiJIUzI1NiIsInR5cCI6IkpXVCJ9.eyJicmFuZHNfaWQiOjEsIm51bWJlciI6NzY4NzA3MTA3MCwiZW1haWwiOiJpbmZvQGtyZWF0aXZlbWFjaGluZXouY29tIiwiYnJhbmRsb2ciOnRydWUsImlhdCI6MTcwMzEzMjgyMCwiZXhwIjoxNzAzOTk2ODIwfQ.ypkbLno7pOU2QG3Ohlk4HbLyTY850tazotrkiPubnWE', NULL, 1, 0, '2023-12-21 04:27:00'),
(42, 'eyJhbGciOiJIUzI1NiIsInR5cCI6IkpXVCJ9.eyJicmFuZHNfaWQiOjIsIm51bWJlciI6OTMzMDIwMjY5NiwiZW1haWwiOiJzaGVpa2h4emFoZWVyQGdtYWlsLmNvbSIsImJyYW5kbG9nIjp0cnVlLCJpYXQiOjE3MDMxMzc4NDksImV4cCI6MTcwNDAwMTg0OX0.S-NpNMYqoMAdGXdySo6pOTMtnfjn8azNCyMe5Ceze_8', NULL, 2, 0, '2023-12-21 05:50:49'),
(43, 'eyJhbGciOiJIUzI1NiIsInR5cCI6IkpXVCJ9.eyJicmFuZHNfaWQiOjIsIm51bWJlciI6OTMzMDIwMjY5NiwiZW1haWwiOiJzaGVpa2h4emFoZWVyQGdtYWlsLmNvbSIsImJyYW5kbG9nIjp0cnVlLCJpYXQiOjE3MDMxMzc4NDksImV4cCI6MTcwNDAwMTg0OX0.S-NpNMYqoMAdGXdySo6pOTMtnfjn8azNCyMe5Ceze_8', NULL, 2, 0, '2023-12-21 05:50:49'),
(44, 'eyJhbGciOiJIUzI1NiIsInR5cCI6IkpXVCJ9.eyJicmFuZHNfaWQiOjEsIm51bWJlciI6NzY4NzA3MTA3MCwiZW1haWwiOiJpbmZvQGtyZWF0aXZlbWFjaGluZXouY29tIiwiYnJhbmRsb2ciOnRydWUsImlhdCI6MTcwMzEzOTc1MiwiZXhwIjoxNzA0MDAzNzUyfQ.C5jsYpPnQdpJUYnIoooxxguwU8K2B0L9FE0be3mgIHU', NULL, 1, 0, '2023-12-21 06:22:32'),
(45, 'eyJhbGciOiJIUzI1NiIsInR5cCI6IkpXVCJ9.eyJicmFuZHNfaWQiOjMsIm51bWJlciI6Nzk4MDIzNzgxNSwiZW1haWwiOm51bGwsImJyYW5kbG9nIjp0cnVlLCJpYXQiOjE3MDMxMzk3NjgsImV4cCI6MTcwNDAwMzc2OH0.1_nauYNogA1OFoYNq8MFpPI7plbwVv5UnU5CSLpdPCc', NULL, 3, 0, '2023-12-21 06:22:48'),
(46, 'eyJhbGciOiJIUzI1NiIsInR5cCI6IkpXVCJ9.eyJicmFuZHNfaWQiOjEsIm51bWJlciI6NzY4NzA3MTA3MCwiZW1haWwiOiJpbmZvQGtyZWF0aXZlbWFjaGluZXouY29tIiwiYnJhbmRsb2ciOnRydWUsImlhdCI6MTcwMzEzOTc4NSwiZXhwIjoxNzA0MDAzNzg1fQ.OuPrVeMnPdZJJrLShHQjbIy44SU9qa-BFfqI1GXuits', NULL, 1, 0, '2023-12-21 06:23:05'),
(47, 'eyJhbGciOiJIUzI1NiIsInR5cCI6IkpXVCJ9.eyJicmFuZHNfaWQiOjEsIm51bWJlciI6NzY4NzA3MTA3MCwiZW1haWwiOiJpbmZvQGtyZWF0aXZlbWFjaGluZXouY29tIiwiYnJhbmRsb2ciOnRydWUsImlhdCI6MTcwMzEzOTgzOCwiZXhwIjoxNzA0MDAzODM4fQ._fmpvdd02mcg_HfMOloYYjGoRw6M_rQXOXf-I_graOY', NULL, 1, 0, '2023-12-21 06:23:58'),
(48, 'eyJhbGciOiJIUzI1NiIsInR5cCI6IkpXVCJ9.eyJpbmZsdWVuY2VyX2lkIjo1LCJudW1iZXIiOjc5ODAyMzc4MTUsImJyYW5kbG9nIjpmYWxzZSwiaWF0IjoxNzAzMTM5OTkxLCJleHAiOjE3MDQwMDM5OTF9.NOUNnGEOhtBdg6IetiBPVkVx4if8F8QmrIDwN1S1dkQ', 5, NULL, 0, '2023-12-21 06:26:31'),
(49, 'eyJhbGciOiJIUzI1NiIsInR5cCI6IkpXVCJ9.eyJpbmZsdWVuY2VyX2lkIjo1LCJudW1iZXIiOjc5ODAyMzc4MTUsImJyYW5kbG9nIjpmYWxzZSwiaWF0IjoxNzAzMTQwMDY0LCJleHAiOjE3MDQwMDQwNjR9.gnLMMya8RKE3KpsDnf1XIZlTgnuFvcfk5M6eyR6cLNc', 5, NULL, 0, '2023-12-21 06:27:44'),
(50, 'eyJhbGciOiJIUzI1NiIsInR5cCI6IkpXVCJ9.eyJicmFuZHNfaWQiOjEsIm51bWJlciI6NzY4NzA3MTA3MCwiZW1haWwiOiJpbmZvQGtyZWF0aXZlbWFjaGluZXouY29tIiwiYnJhbmRsb2ciOnRydWUsImlhdCI6MTcwMzE0Mzc4NSwiZXhwIjoxNzA0MDA3Nzg1fQ.v8h_shKmipekstXVEKflebrNQpCYzNQc8_L-Q1BPLLA', NULL, 1, 0, '2023-12-21 07:29:45'),
(51, 'eyJhbGciOiJIUzI1NiIsInR5cCI6IkpXVCJ9.eyJicmFuZHNfaWQiOjEsIm51bWJlciI6NzY4NzA3MTA3MCwiZW1haWwiOiJpbmZvQGtyZWF0aXZlbWFjaGluZXouY29tIiwiYnJhbmRsb2ciOnRydWUsImlhdCI6MTcwMzE0NzYyMCwiZXhwIjoxNzA0MDExNjIwfQ.4554vAbzzpvcl2xsH6GFMH50RQy_Lk39Tv5xO_KaHs4', NULL, 1, 0, '2023-12-21 08:33:40'),
(52, 'eyJhbGciOiJIUzI1NiIsInR5cCI6IkpXVCJ9.eyJicmFuZHNfaWQiOjEsIm51bWJlciI6NzY4NzA3MTA3MCwiZW1haWwiOiJpbmZvQGtyZWF0aXZlbWFjaGluZXouY29tIiwiYnJhbmRsb2ciOnRydWUsImlhdCI6MTcwMzE1NjE4MywiZXhwIjoxNzA0MDIwMTgzfQ.oT03_4XQXfE3iGzKGHZLb5d35qv8vewC2KUC9HENwqE', NULL, 1, 0, '2023-12-21 10:56:23'),
(53, 'eyJhbGciOiJIUzI1NiIsInR5cCI6IkpXVCJ9.eyJicmFuZHNfaWQiOjEsIm51bWJlciI6NzY4NzA3MTA3MCwiZW1haWwiOiJpbmZvQGtyZWF0aXZlbWFjaGluZXouY29tIiwiYnJhbmRsb2ciOnRydWUsImlhdCI6MTcwMzE1ODYyMSwiZXhwIjoxNzA0MDIyNjIxfQ.p58qiKhzBd18-Y5QjQ5Dk6nrOFskM0PMplw-DqmFByw', NULL, 1, 0, '2023-12-21 11:37:01'),
(54, 'eyJhbGciOiJIUzI1NiIsInR5cCI6IkpXVCJ9.eyJicmFuZHNfaWQiOjEsIm51bWJlciI6NzY4NzA3MTA3MCwiZW1haWwiOiJpbmZvQGtyZWF0aXZlbWFjaGluZXouY29tIiwiYnJhbmRsb2ciOnRydWUsImlhdCI6MTcwMzE3NTk2NCwiZXhwIjoxNzA0MDM5OTY0fQ.ArQ9XorV-Fh2f37c5bQBM_kaiP_ZXvA2-vq1B5J8Yy0', NULL, 1, 0, '2023-12-21 16:26:04'),
(55, 'eyJhbGciOiJIUzI1NiIsInR5cCI6IkpXVCJ9.eyJpbmZsdWVuY2VyX2lkIjoxLCJudW1iZXIiOjkzMzAyMDI2OTYsImJyYW5kbG9nIjpmYWxzZSwiaWF0IjoxNzAzMzEyNzMxLCJleHAiOjE3MDQxNzY3MzF9.0vMNF044GZgFRACPhTSaUfjtHfJT9dbbM83DqT08AQw', 1, NULL, 0, '2023-12-23 06:25:31'),
(56, 'eyJhbGciOiJIUzI1NiIsInR5cCI6IkpXVCJ9.eyJpbmZsdWVuY2VyX2lkIjozLCJudW1iZXIiOjEyMzQ1Njc4OTAsImJyYW5kbG9nIjpmYWxzZSwiaWF0IjoxNzAzNDkwODYzLCJleHAiOjE3MDQzNTQ4NjN9.8Z6D_7EFxE8FwiSfGdWSMjwtb8aMP3pUsZAJ5gVG6S4', 3, NULL, 0, '2023-12-25 07:54:23'),
(57, 'eyJhbGciOiJIUzI1NiIsInR5cCI6IkpXVCJ9.eyJicmFuZHNfaWQiOjEsIm51bWJlciI6NzY4NzA3MTA3MCwiZW1haWwiOiJpbmZvQGtyZWF0aXZlbWFjaGluZXouY29tIiwiYnJhbmRsb2ciOnRydWUsImlhdCI6MTcwMzYxMDUwMywiZXhwIjoxNzA0NDc0NTAzfQ.r13tTI5Q39Sqi4HXAvN3AbzgJPrx-nyAMyxPT_M_7T8', NULL, 1, 0, '2023-12-26 17:08:23'),
(58, 'eyJhbGciOiJIUzI1NiIsInR5cCI6IkpXVCJ9.eyJpbmZsdWVuY2VyX2lkIjoxLCJudW1iZXIiOjkzMzAyMDI2OTYsImJyYW5kbG9nIjpmYWxzZSwiaWF0IjoxNzAzNzQ1OTM0LCJleHAiOjE3MDQ2MDk5MzR9.P64EUx9-IQlJ041nZoBQQsiQpx0p_NHESvl3RfIsNPk', 1, NULL, 0, '2023-12-28 06:45:34'),
(59, 'eyJhbGciOiJIUzI1NiIsInR5cCI6IkpXVCJ9.eyJpbmZsdWVuY2VyX2lkIjozLCJudW1iZXIiOjEyMzQ1Njc4OTAsImJyYW5kbG9nIjpmYWxzZSwiaWF0IjoxNzAzNzQ2MjIxLCJleHAiOjE3MDQ2MTAyMjF9.8A6x0iWpY2KnqqfeWW5_zdQMZqJKP4INhghkGHHdYhQ', 3, NULL, 0, '2023-12-28 06:50:21'),
(60, 'eyJhbGciOiJIUzI1NiIsInR5cCI6IkpXVCJ9.eyJpbmZsdWVuY2VyX2lkIjo2LCJudW1iZXIiOjg0Mjg0MTk4MjgsImJyYW5kbG9nIjpmYWxzZSwiaWF0IjoxNzAzNzUwODUyLCJleHAiOjE3MDQ2MTQ4NTJ9.Jb3q4_GJ2WZz2gDMnITixMkdFYRMxdVMVHffBSRD82A', 6, NULL, 0, '2023-12-28 08:07:32'),
(61, 'eyJhbGciOiJIUzI1NiIsInR5cCI6IkpXVCJ9.eyJpbmZsdWVuY2VyX2lkIjo3LCJudW1iZXIiOjg0MjA0MTk4MjgsImJyYW5kbG9nIjpmYWxzZSwiaWF0IjoxNzAzNzUxMTk1LCJleHAiOjE3MDQ2MTUxOTV9.ySMa0J8c9QJlwdbJng4E6BPoumLsEbSg7U78gWHeMCQ', 7, NULL, 0, '2023-12-28 08:13:15'),
(62, 'eyJhbGciOiJIUzI1NiIsInR5cCI6IkpXVCJ9.eyJpbmZsdWVuY2VyX2lkIjo3LCJudW1iZXIiOjg0MjA0MTk4MjgsImJyYW5kbG9nIjpmYWxzZSwiaWF0IjoxNzAzNzUxMzg1LCJleHAiOjE3MDQ2MTUzODV9.43FnrJVFh1Ozm-5UHVaBBM3Xz9eGLSwSb-tzkNbtVls', 7, NULL, 0, '2023-12-28 08:16:25'),
(63, 'eyJhbGciOiJIUzI1NiIsInR5cCI6IkpXVCJ9.eyJpbmZsdWVuY2VyX2lkIjo3LCJudW1iZXIiOjg0MjA0MTk4MjgsImJyYW5kbG9nIjpmYWxzZSwiaWF0IjoxNzAzNzUxNjI3LCJleHAiOjE3MDQ2MTU2Mjd9.zhxR1S2juCr8NA0-by7JCUFwoucdMYZBisxo12OtrBM', 7, NULL, 0, '2023-12-28 08:20:27'),
(64, 'eyJhbGciOiJIUzI1NiIsInR5cCI6IkpXVCJ9.eyJpbmZsdWVuY2VyX2lkIjoxLCJudW1iZXIiOjkzMzAyMDI2OTYsImJyYW5kbG9nIjpmYWxzZSwiaWF0IjoxNzAzNzU1NTY1LCJleHAiOjE3MDQ2MTk1NjV9.Ai3b2BoT_4aucSRtQ92itnyAL8RANtszVK48WPZFnRs', 1, NULL, 0, '2023-12-28 09:26:05'),
(65, 'eyJhbGciOiJIUzI1NiIsInR5cCI6IkpXVCJ9.eyJpbmZsdWVuY2VyX2lkIjo4LCJudW1iZXIiOjAsImJyYW5kbG9nIjpmYWxzZSwiaWF0IjoxNzAzNzYzNzU1LCJleHAiOjE3MDQ2Mjc3NTV9.KAziq8Ikuf-ego-ip-SQmxShyIWRJCCYFzj_C3rGytg', 8, NULL, 0, '2023-12-28 11:42:35'),
(66, 'eyJhbGciOiJIUzI1NiIsInR5cCI6IkpXVCJ9.eyJicmFuZHNfaWQiOjEsIm51bWJlciI6NzY4NzA3MTA3MCwiZW1haWwiOiJpbmZvQGtyZWF0aXZlbWFjaGluZXouY29tIiwiYnJhbmRsb2ciOnRydWUsImlhdCI6MTcwMzgyODU1OCwiZXhwIjoxNzA0NjkyNTU4fQ.enNmEQIHuwFA4GHIcyCS5x597MuuX7w2iCa6Ucs2peI', NULL, 1, 0, '2023-12-29 05:42:38'),
(67, 'eyJhbGciOiJIUzI1NiIsInR5cCI6IkpXVCJ9.eyJicmFuZHNfaWQiOjEsIm51bWJlciI6NzY4NzA3MTA3MCwiZW1haWwiOiJpbmZvQGtyZWF0aXZlbWFjaGluZXouY29tIiwiYnJhbmRsb2ciOnRydWUsImlhdCI6MTcwMzgyODY4NCwiZXhwIjoxNzA0NjkyNjg0fQ.sE9h-OaJyDkfyQbTSXQQpYTo4QXckp70tBcT070AosM', NULL, 1, 0, '2023-12-29 05:44:44'),
(68, 'eyJhbGciOiJIUzI1NiIsInR5cCI6IkpXVCJ9.eyJicmFuZHNfaWQiOjEsIm51bWJlciI6NzY4NzA3MTA3MCwiZW1haWwiOiJpbmZvQGtyZWF0aXZlbWFjaGluZXouY29tIiwiYnJhbmRsb2ciOnRydWUsImlhdCI6MTcwMzgzNTEwMywiZXhwIjoxNzA0Njk5MTAzfQ._OtHgReMtQcIFevIVTuhULWIGB6kTHMjHw7NSgrFHDw', NULL, 1, 0, '2023-12-29 07:31:43'),
(69, 'eyJhbGciOiJIUzI1NiIsInR5cCI6IkpXVCJ9.eyJicmFuZHNfaWQiOjIsIm51bWJlciI6OTMzMDIwMjY5NiwiZW1haWwiOiJzaGVpa2h4emFoZWVyQGdtYWlsLmNvbSIsImJyYW5kbG9nIjp0cnVlLCJpYXQiOjE3MDM4MzgwNzIsImV4cCI6MTcwNDcwMjA3Mn0.qbQd4-VPn3WQoT08DV8R7dDW37nW5bGI2WeXxVFUjpU', NULL, 2, 0, '2023-12-29 08:21:12'),
(70, 'eyJhbGciOiJIUzI1NiIsInR5cCI6IkpXVCJ9.eyJicmFuZHNfaWQiOjIsIm51bWJlciI6OTMzMDIwMjY5NiwiZW1haWwiOiJzaGVpa2h4emFoZWVyQGdtYWlsLmNvbSIsImJyYW5kbG9nIjp0cnVlLCJpYXQiOjE3MDM4MzgxMDUsImV4cCI6MTcwNDcwMjEwNX0.DfBjUiAebqC3yY1C8DTzsy0JQmnY3LMfaPAXyyqGv6g', NULL, 2, 0, '2023-12-29 08:21:45'),
(71, 'eyJhbGciOiJIUzI1NiIsInR5cCI6IkpXVCJ9.eyJicmFuZHNfaWQiOjEsIm51bWJlciI6NzY4NzA3MTA3MCwiZW1haWwiOiJpbmZvQGtyZWF0aXZlbWFjaGluZXouY29tIiwiYnJhbmRsb2ciOnRydWUsImlhdCI6MTcwMzgzODQzNiwiZXhwIjoxNzA0NzAyNDM2fQ.opXBLecrcBzBjgcXx9kwZFKNn6jpXS5m35DvvGCiHAM', NULL, 1, 0, '2023-12-29 08:27:16'),
(72, 'eyJhbGciOiJIUzI1NiIsInR5cCI6IkpXVCJ9.eyJpbmZsdWVuY2VyX2lkIjoxLCJudW1iZXIiOjkzMzAyMDI2OTYsImJyYW5kbG9nIjpmYWxzZSwiaWF0IjoxNzAzODM4NzI5LCJleHAiOjE3MDQ3MDI3Mjl9.fV-zMYTLDGNvzOeIWSlr9wG0GA9oQz5DHjv-byzDQs4', 1, NULL, 0, '2023-12-29 08:32:09'),
(73, 'eyJhbGciOiJIUzI1NiIsInR5cCI6IkpXVCJ9.eyJpbmZsdWVuY2VyX2lkIjo1LCJudW1iZXIiOjc5ODAyMzc4MTUsImJyYW5kbG9nIjpmYWxzZSwiaWF0IjoxNzAzODM5ODQ1LCJleHAiOjE3MDQ3MDM4NDV9.XOefB2-QN5m-y25qOqlNypXpKOXR83jEOmNTYLxciWw', 5, NULL, 0, '2023-12-29 08:50:45'),
(74, 'eyJhbGciOiJIUzI1NiIsInR5cCI6IkpXVCJ9.eyJpbmZsdWVuY2VyX2lkIjoxLCJudW1iZXIiOjkzMzAyMDI2OTYsImJyYW5kbG9nIjpmYWxzZSwiaWF0IjoxNzAzODQwMzg5LCJleHAiOjE3MDQ3MDQzODl9.5uiEdlJ5bVOF6E7itlY5Nj-etUnF4IPCMXmpJwtxAOc', 1, NULL, 0, '2023-12-29 08:59:49'),
(75, 'eyJhbGciOiJIUzI1NiIsInR5cCI6IkpXVCJ9.eyJpbmZsdWVuY2VyX2lkIjoxLCJudW1iZXIiOjkzMzAyMDI2OTYsImJyYW5kbG9nIjpmYWxzZSwiaWF0IjoxNzAzODQxMDYyLCJleHAiOjE3MDQ3MDUwNjJ9.uDTTukpMLDRpg5qlxQH2u7eH2W5RXu3WzmBsFQFYgWg', 1, NULL, 0, '2023-12-29 09:11:02'),
(76, 'eyJhbGciOiJIUzI1NiIsInR5cCI6IkpXVCJ9.eyJicmFuZHNfaWQiOjQsIm51bWJlciI6OTMzMDIwMjk2OSwiZW1haWwiOm51bGwsImJyYW5kbG9nIjp0cnVlLCJpYXQiOjE3MDM4NDExMTYsImV4cCI6MTcwNDcwNTExNn0.J5xPtc_lSxJfJjmSV3MVBHevnjw3ENdC5_HuVCdApOk', NULL, 4, 0, '2023-12-29 09:11:56'),
(77, 'eyJhbGciOiJIUzI1NiIsInR5cCI6IkpXVCJ9.eyJicmFuZHNfaWQiOjIsIm51bWJlciI6OTMzMDIwMjY5NiwiZW1haWwiOiJzaGVpa2h4emFoZWVyQGdtYWlsLmNvbSIsImJyYW5kbG9nIjp0cnVlLCJpYXQiOjE3MDM4NDExNjcsImV4cCI6MTcwNDcwNTE2N30.6o-Ck0w_kNK3037MZCL8BZVAW8723k5hT3DyQrvD7sI', NULL, 2, 0, '2023-12-29 09:12:47'),
(78, 'eyJhbGciOiJIUzI1NiIsInR5cCI6IkpXVCJ9.eyJicmFuZHNfaWQiOjMsIm51bWJlciI6Nzk4MDIzNzgxNSwiZW1haWwiOm51bGwsImJyYW5kbG9nIjp0cnVlLCJpYXQiOjE3MDM4NDEzNDAsImV4cCI6MTcwNDcwNTM0MH0.vRZ2BrP1IO9qoWgQwZhmzDgUTLkCpnxHZI5KRexOaPQ', NULL, 3, 0, '2023-12-29 09:15:40'),
(79, 'eyJhbGciOiJIUzI1NiIsInR5cCI6IkpXVCJ9.eyJpbmZsdWVuY2VyX2lkIjoxLCJudW1iZXIiOjkzMzAyMDI2OTYsImJyYW5kbG9nIjpmYWxzZSwiaWF0IjoxNzAzODQxNTE5LCJleHAiOjE3MDQ3MDU1MTl9.Lr870UatumLVTAdwabMn-KSAmS6JhK3pj5mfr3z6soo', 1, NULL, 0, '2023-12-29 09:18:39'),
(80, 'eyJhbGciOiJIUzI1NiIsInR5cCI6IkpXVCJ9.eyJpbmZsdWVuY2VyX2lkIjoxLCJudW1iZXIiOjkzMzAyMDI2OTYsImJyYW5kbG9nIjpmYWxzZSwiaWF0IjoxNzAzODQyNDA0LCJleHAiOjE3MDQ3MDY0MDR9.szDAYXEZiXpLLe1LR9-WZMRTSBX-q51UjNQXJ55XwsY', 1, NULL, 0, '2023-12-29 09:33:24'),
(81, 'eyJhbGciOiJIUzI1NiIsInR5cCI6IkpXVCJ9.eyJicmFuZHNfaWQiOjIsIm51bWJlciI6OTMzMDIwMjY5NiwiZW1haWwiOiJzaGVpa2h4emFoZWVyQGdtYWlsLmNvbSIsImJyYW5kbG9nIjp0cnVlLCJpYXQiOjE3MDM4NDI2MjIsImV4cCI6MTcwNDcwNjYyMn0.6XCK2-C3JzJdWUBA8hmNo1VczppZK2TCtWryEe6Wv-k', NULL, 2, 0, '2023-12-29 09:37:02'),
(82, 'eyJhbGciOiJIUzI1NiIsInR5cCI6IkpXVCJ9.eyJicmFuZHNfaWQiOjIsIm51bWJlciI6OTMzMDIwMjY5NiwiZW1haWwiOiJzaGVpa2h4emFoZWVyQGdtYWlsLmNvbSIsImJyYW5kbG9nIjp0cnVlLCJpYXQiOjE3MDM4NDI2NzcsImV4cCI6MTcwNDcwNjY3N30.ThSuvRNW7KaFY3D9-m40ZyjYq_VunvDZim8Oruut-0k', NULL, 2, 0, '2023-12-29 09:37:57'),
(83, 'eyJhbGciOiJIUzI1NiIsInR5cCI6IkpXVCJ9.eyJicmFuZHNfaWQiOjUsIm51bWJlciI6ODQyMDQxOTgyOCwiZW1haWwiOm51bGwsImJyYW5kbG9nIjp0cnVlLCJpYXQiOjE3MDM4NDM0ODYsImV4cCI6MTcwNDcwNzQ4Nn0.R0pp5dEF4Lnq1pxSX_4mTHU4D1-r_jVAtloTgzxBChI', NULL, 5, 0, '2023-12-29 09:51:26'),
(84, 'eyJhbGciOiJIUzI1NiIsInR5cCI6IkpXVCJ9.eyJicmFuZHNfaWQiOjEsIm51bWJlciI6NzY4NzA3MTA3MCwiZW1haWwiOiJpbmZvQGtyZWF0aXZlbWFjaGluZXouY29tIiwiYnJhbmRsb2ciOnRydWUsImlhdCI6MTcwMzg0MzU2NiwiZXhwIjoxNzA0NzA3NTY2fQ.irc5wqv4c597RExajljlrOdPPqMJLmQ2lZKMlOc1I2w', NULL, 1, 0, '2023-12-29 09:52:46'),
(85, 'eyJhbGciOiJIUzI1NiIsInR5cCI6IkpXVCJ9.eyJicmFuZHNfaWQiOjEsIm51bWJlciI6NzY4NzA3MTA3MCwiZW1haWwiOiJpbmZvQGtyZWF0aXZlbWFjaGluZXouY29tIiwiYnJhbmRsb2ciOnRydWUsImlhdCI6MTcwMzg0Mzg3MiwiZXhwIjoxNzA0NzA3ODcyfQ.TgPhg_rNH90zr-CrO8JT-LLhvKwHJ5amaJojPFn-THU', NULL, 1, 0, '2023-12-29 09:57:52'),
(86, 'eyJhbGciOiJIUzI1NiIsInR5cCI6IkpXVCJ9.eyJicmFuZHNfaWQiOjEsIm51bWJlciI6NzY4NzA3MTA3MCwiZW1haWwiOiJpbmZvQGtyZWF0aXZlbWFjaGluZXouY29tIiwiYnJhbmRsb2ciOnRydWUsImlhdCI6MTcwMzg0NDAyNSwiZXhwIjoxNzA0NzA4MDI1fQ.rrYo5CLLTlaaWBmQX1NhwFezVHcb7P2xBUfwb6UGBKw', NULL, 1, 0, '2023-12-29 10:00:25'),
(87, 'eyJhbGciOiJIUzI1NiIsInR5cCI6IkpXVCJ9.eyJpbmZsdWVuY2VyX2lkIjo3LCJudW1iZXIiOjg0MjA0MTk4MjgsImJyYW5kbG9nIjpmYWxzZSwiaWF0IjoxNzAzODQ3NjM0LCJleHAiOjE3MDQ3MTE2MzR9.QoLN-KpB9oRKU7eDMEqw_WrPFI8GyM9fAmDdv5vqZy4', 7, NULL, 0, '2023-12-29 11:00:34'),
(88, 'eyJhbGciOiJIUzI1NiIsInR5cCI6IkpXVCJ9.eyJpbmZsdWVuY2VyX2lkIjoxLCJudW1iZXIiOjkzMzAyMDI2OTYsImJyYW5kbG9nIjpmYWxzZSwiaWF0IjoxNzAzODQ4NDM0LCJleHAiOjE3MDQ3MTI0MzR9.sIViydDzwBPQyJGAtAAM5PsNFy3ZLHQNceDM4JsiOtI', 1, NULL, 0, '2023-12-29 11:13:54'),
(89, 'eyJhbGciOiJIUzI1NiIsInR5cCI6IkpXVCJ9.eyJicmFuZHNfaWQiOjEsIm51bWJlciI6NzY4NzA3MTA3MCwiZW1haWwiOiJpbmZvQGtyZWF0aXZlbWFjaGluZXouY29tIiwiYnJhbmRsb2ciOnRydWUsImlhdCI6MTcwNDE3MjAzMiwiZXhwIjoxNzA1MDM2MDMyfQ.xPTiEnhdgIrTp6p-oNq21L4g9VIBYZb_BAuORbjHxUA', NULL, 1, 0, '2024-01-02 05:07:12'),
(90, 'eyJhbGciOiJIUzI1NiIsInR5cCI6IkpXVCJ9.eyJicmFuZHNfaWQiOjEsIm51bWJlciI6NzY4NzA3MTA3MCwiZW1haWwiOiJpbmZvQGtyZWF0aXZlbWFjaGluZXouY29tIiwiYnJhbmRsb2ciOnRydWUsImlhdCI6MTcwNDE4MDU0NSwiZXhwIjoxNzA1MDQ0NTQ1fQ.KWXni_0AikNVE0joHrWS1K7fsUG5VrRvVTIysg3h0DA', NULL, 1, 0, '2024-01-02 07:29:05'),
(91, 'eyJhbGciOiJIUzI1NiIsInR5cCI6IkpXVCJ9.eyJpbmZsdWVuY2VyX2lkIjozLCJudW1iZXIiOjEyMzQ1Njc4OTAsImJyYW5kbG9nIjpmYWxzZSwiaWF0IjoxNzA0Mjk5NTAwLCJleHAiOjE3MDUxNjM1MDB9._Qed1vnZKxQEVPLZFT96mlC252sGreWZwTr5sE0srwA', 3, NULL, 0, '2024-01-03 16:31:40'),
(92, 'eyJhbGciOiJIUzI1NiIsInR5cCI6IkpXVCJ9.eyJpbmZsdWVuY2VyX2lkIjoxLCJudW1iZXIiOjkzMzAyMDI2OTYsImJyYW5kbG9nIjpmYWxzZSwiaWF0IjoxNzA0MzAwMDMxLCJleHAiOjE3MDUxNjQwMzF9.7lecZiT2LO0edbr6J9mPZ2VkWcr1o0lKU9bi9omUyMM', 1, NULL, 0, '2024-01-03 16:40:31'),
(93, 'eyJhbGciOiJIUzI1NiIsInR5cCI6IkpXVCJ9.eyJpbmZsdWVuY2VyX2lkIjo5LCJudW1iZXIiOjgwMTM3ODk0MzcsImJyYW5kbG9nIjpmYWxzZSwiaWF0IjoxNzA0MzU1MjE0LCJleHAiOjE3MDUyMTkyMTR9.NjaKmRAasNiicwSFPOoX7hnRsCcEb71J19AZDKgCyQA', 9, NULL, 0, '2024-01-04 08:00:14'),
(94, 'eyJhbGciOiJIUzI1NiIsInR5cCI6IkpXVCJ9.eyJpbmZsdWVuY2VyX2lkIjo3LCJudW1iZXIiOjg0MjA0MTk4MjgsImJyYW5kbG9nIjpmYWxzZSwiaWF0IjoxNzA0MzU1ODkzLCJleHAiOjE3MDUyMTk4OTN9.QTu2G_7PfMaVCiIGq25cnYg_zQacXNXfIB_bZ3dT6yU', 7, NULL, 0, '2024-01-04 08:11:33'),
(95, 'eyJhbGciOiJIUzI1NiIsInR5cCI6IkpXVCJ9.eyJpbmZsdWVuY2VyX2lkIjoxMCwibnVtYmVyIjoxLCJicmFuZGxvZyI6ZmFsc2UsImlhdCI6MTcwNDM1NjAyNSwiZXhwIjoxNzA1MjIwMDI1fQ.yGup2yEEGDRKMx_C9mfTGAt_51-_fx36HDAwjKjhOOU', 10, NULL, 0, '2024-01-04 08:13:45'),
(96, 'eyJhbGciOiJIUzI1NiIsInR5cCI6IkpXVCJ9.eyJpbmZsdWVuY2VyX2lkIjoxMSwibnVtYmVyIjo2MTM0ODAwMjAzLCJicmFuZGxvZyI6ZmFsc2UsImlhdCI6MTcwNDM1NjA1MSwiZXhwIjoxNzA1MjIwMDUxfQ.If3IpOLNdmk8e34vjHzl3VvYLD7Qe8LU7yx0GaI59D4', 11, NULL, 0, '2024-01-04 08:14:11'),
(97, 'eyJhbGciOiJIUzI1NiIsInR5cCI6IkpXVCJ9.eyJpbmZsdWVuY2VyX2lkIjo4LCJudW1iZXIiOjAsImJyYW5kbG9nIjpmYWxzZSwiaWF0IjoxNzA0MzU2MDY2LCJleHAiOjE3MDUyMjAwNjZ9.kC0a9OYVGY6lSgdO-LSNjOPx_C5IuvjElceLK2sEJeY', 8, NULL, 0, '2024-01-04 08:14:26'),
(98, 'eyJhbGciOiJIUzI1NiIsInR5cCI6IkpXVCJ9.eyJpbmZsdWVuY2VyX2lkIjo4LCJudW1iZXIiOjAsImJyYW5kbG9nIjpmYWxzZSwiaWF0IjoxNzA0MzU2MDcwLCJleHAiOjE3MDUyMjAwNzB9.KgPp9_Ajj40JO8AQHqEFgi4XSRhwEf4DBgrxC0_AwNE', 8, NULL, 0, '2024-01-04 08:14:30'),
(99, 'eyJhbGciOiJIUzI1NiIsInR5cCI6IkpXVCJ9.eyJpbmZsdWVuY2VyX2lkIjo5LCJudW1iZXIiOjgwMTM3ODk0MzcsImJyYW5kbG9nIjpmYWxzZSwiaWF0IjoxNzA0MzU2Mzg5LCJleHAiOjE3MDUyMjAzODl9.JjmTZdKDN57g6bP-OhammAP_w6iXnXSZf6ZyS7PsB4I', 9, NULL, 0, '2024-01-04 08:19:49'),
(100, 'eyJhbGciOiJIUzI1NiIsInR5cCI6IkpXVCJ9.eyJpbmZsdWVuY2VyX2lkIjoxLCJudW1iZXIiOjkzMzAyMDI2OTYsImJyYW5kbG9nIjpmYWxzZSwiaWF0IjoxNzA0MzU2ODE2LCJleHAiOjE3MDUyMjA4MTZ9.aJk3eCKu8JaTghlVK0mIPCusUHdKZgG716HNdxvsqUg', 1, NULL, 0, '2024-01-04 08:26:56'),
(101, 'eyJhbGciOiJIUzI1NiIsInR5cCI6IkpXVCJ9.eyJpbmZsdWVuY2VyX2lkIjoxLCJudW1iZXIiOjkzMzAyMDI2OTYsImJyYW5kbG9nIjpmYWxzZSwiaWF0IjoxNzA0MzU3NzA4LCJleHAiOjE3MDUyMjE3MDh9.Nx9cJQtjoH6qCVjmqJXc9fHLNxJdMpDwR6Rce9rp-0U', 1, NULL, 0, '2024-01-04 08:41:48'),
(102, 'eyJhbGciOiJIUzI1NiIsInR5cCI6IkpXVCJ9.eyJpbmZsdWVuY2VyX2lkIjo1LCJudW1iZXIiOjc5ODAyMzc4MTUsImJyYW5kbG9nIjpmYWxzZSwiaWF0IjoxNzA0MzYwNzM5LCJleHAiOjE3MDUyMjQ3Mzl9.-ptJLPXZr9USi6UFWQ1kvyCen1W2NT6efivqp10mKOU', 5, NULL, 0, '2024-01-04 09:32:19'),
(103, 'eyJhbGciOiJIUzI1NiIsInR5cCI6IkpXVCJ9.eyJpbmZsdWVuY2VyX2lkIjoxMiwibnVtYmVyIjo5ODMwMDM4OTE5LCJicmFuZGxvZyI6ZmFsc2UsImlhdCI6MTcwNDM2MTMzOCwiZXhwIjoxNzA1MjI1MzM4fQ.ulzn0byV3XYdMuPLVuFIEVzs1dMbsulimG0cvKr6uqo', 12, NULL, 0, '2024-01-04 09:42:18'),
(104, 'eyJhbGciOiJIUzI1NiIsInR5cCI6IkpXVCJ9.eyJpbmZsdWVuY2VyX2lkIjoxMywibnVtYmVyIjo4MjUwMzcxNjA1LCJicmFuZGxvZyI6ZmFsc2UsImlhdCI6MTcwNDM2MjQ0NiwiZXhwIjoxNzA1MjI2NDQ2fQ.b4NGt0x41B7jq6qBGUEQf0g4CxzjmUqkNwimfCEDIJ4', 13, NULL, 0, '2024-01-04 10:00:46'),
(105, 'eyJhbGciOiJIUzI1NiIsInR5cCI6IkpXVCJ9.eyJicmFuZHNfaWQiOjEsIm51bWJlciI6NzY4NzA3MTA3MCwiZW1haWwiOiJpbmZvQGtyZWF0aXZlbWFjaGluZXouY29tIiwiYnJhbmRsb2ciOnRydWUsImlhdCI6MTcwNDM3MDIxNSwiZXhwIjoxNzA1MjM0MjE1fQ.U2w__n3jLNHrEpiGmeL6N1XhcPSnkKeuXcsqbp_0cOU', NULL, 1, 0, '2024-01-04 12:10:15'),
(106, 'eyJhbGciOiJIUzI1NiIsInR5cCI6IkpXVCJ9.eyJpbmZsdWVuY2VyX2lkIjoxLCJudW1iZXIiOjkzMzAyMDI2OTYsImJyYW5kbG9nIjpmYWxzZSwiaWF0IjoxNzA0Mzc4NzIxLCJleHAiOjE3MDUyNDI3MjF9.zbG_9TNXVxgK0Eq4YwrFkKTX7CEbALqmZ2vy_ZbkNbk', 1, NULL, 0, '2024-01-04 14:32:01'),
(107, 'eyJhbGciOiJIUzI1NiIsInR5cCI6IkpXVCJ9.eyJpbmZsdWVuY2VyX2lkIjoxNCwibnVtYmVyIjo5NzQ4MjgyNDQ0LCJicmFuZGxvZyI6ZmFsc2UsImlhdCI6MTcwNDQ3MTk4OSwiZXhwIjoxNzA1MzM1OTg5fQ.gVRv2OjrnZjsRdYnf6bt1ucXH_jPNC6XrQhhcgoODaU', 14, NULL, 0, '2024-01-05 16:26:29'),
(108, 'eyJhbGciOiJIUzI1NiIsInR5cCI6IkpXVCJ9.eyJicmFuZHNfaWQiOjIsIm51bWJlciI6OTMzMDIwMjY5NiwiZW1haWwiOiJzaGVpa2h4emFoZWVyQGdtYWlsLmNvbSIsImJyYW5kbG9nIjp0cnVlLCJpYXQiOjE3MDQ2OTA0OTcsImV4cCI6MTcwNTU1NDQ5N30.3B91qVAYZ5DBmuGxit3CaL9g98jbG1DXWr_LoazP3ug', NULL, 2, 0, '2024-01-08 05:08:17'),
(109, 'eyJhbGciOiJIUzI1NiIsInR5cCI6IkpXVCJ9.eyJpbmZsdWVuY2VyX2lkIjo1LCJudW1iZXIiOjc5ODAyMzc4MTUsImJyYW5kbG9nIjpmYWxzZSwiaWF0IjoxNzA0Njk0MDQ2LCJleHAiOjE3MDU1NTgwNDZ9.Mu1uxO8gf2wcbfj3d__xoGp2fAmriEw0k144Ayi0ieQ', 5, NULL, 0, '2024-01-08 06:07:26'),
(110, 'eyJhbGciOiJIUzI1NiIsInR5cCI6IkpXVCJ9.eyJpbmZsdWVuY2VyX2lkIjoxNCwibnVtYmVyIjo5NzQ4MjgyNDQ0LCJicmFuZGxvZyI6ZmFsc2UsImlhdCI6MTcwNDcxMjE1MSwiZXhwIjoxNzA1NTc2MTUxfQ.PRsEgxPux7UWDeEcB0lW0TdYOY6VFJt3HHGYqSzF0QE', 14, NULL, 0, '2024-01-08 11:09:11'),
(111, 'eyJhbGciOiJIUzI1NiIsInR5cCI6IkpXVCJ9.eyJpbmZsdWVuY2VyX2lkIjoxLCJudW1iZXIiOjkzMzAyMDI2OTYsImJyYW5kbG9nIjpmYWxzZSwiaWF0IjoxNzA0NzEyNTY5LCJleHAiOjE3MDU1NzY1Njl9.cjiQGwSfv-xiE-s-87LNFIXG-qO8-gH3LcEYuBNPXi8', 1, NULL, 0, '2024-01-08 11:16:09'),
(112, 'eyJhbGciOiJIUzI1NiIsInR5cCI6IkpXVCJ9.eyJicmFuZHNfaWQiOjEsIm51bWJlciI6NzY4NzA3MTA3MCwiZW1haWwiOiJpbmZvQGtyZWF0aXZlbWFjaGluZXouY29tIiwiYnJhbmRsb2ciOnRydWUsImlhdCI6MTcwNDc3Nzg1OSwiZXhwIjoxNzA1NjQxODU5fQ.IuB6Zj0bXlZ55PHdbBoNAFROXrtv0hC0716bJDzx2GI', NULL, 1, 0, '2024-01-09 05:24:19'),
(113, 'eyJhbGciOiJIUzI1NiIsInR5cCI6IkpXVCJ9.eyJicmFuZHNfaWQiOjEsIm51bWJlciI6NzY4NzA3MTA3MCwiZW1haWwiOiJpbmZvQGtyZWF0aXZlbWFjaGluZXouY29tIiwiYnJhbmRsb2ciOnRydWUsImlhdCI6MTcwNDc4MDcyOCwiZXhwIjoxNzA1NjQ0NzI4fQ.RxvODARASlHUZkjFddH-LzHPPQqtTrTFHg2C1jXDgUk', NULL, 1, 0, '2024-01-09 06:12:08'),
(114, 'eyJhbGciOiJIUzI1NiIsInR5cCI6IkpXVCJ9.eyJicmFuZHNfaWQiOjEsIm51bWJlciI6NzY4NzA3MTA3MCwiZW1haWwiOiJpbmZvQGtyZWF0aXZlbWFjaGluZXouY29tIiwiYnJhbmRsb2ciOnRydWUsImlhdCI6MTcwNDc4MDc2MCwiZXhwIjoxNzA1NjQ0NzYwfQ.MP_faqH7_IfRT9Um1D41-FfCf8CEBhwthx2f6PmJFcA', NULL, 1, 0, '2024-01-09 06:12:40'),
(115, 'eyJhbGciOiJIUzI1NiIsInR5cCI6IkpXVCJ9.eyJicmFuZHNfaWQiOjEsIm51bWJlciI6NzY4NzA3MTA3MCwiZW1haWwiOiJpbmZvQGtyZWF0aXZlbWFjaGluZXouY29tIiwiYnJhbmRsb2ciOnRydWUsImlhdCI6MTcwNDc4NTM2NSwiZXhwIjoxNzA1NjQ5MzY1fQ.wWPhhlR9JIeMINjUYMc3OFA7XbtcPZqlhZqna-vlpqg', NULL, 1, 0, '2024-01-09 07:29:25'),
(116, 'eyJhbGciOiJIUzI1NiIsInR5cCI6IkpXVCJ9.eyJicmFuZHNfaWQiOjEsIm51bWJlciI6NzY4NzA3MTA3MCwiZW1haWwiOiJpbmZvQGtyZWF0aXZlbWFjaGluZXouY29tIiwiYnJhbmRsb2ciOnRydWUsImlhdCI6MTcwNDc4NTc4OCwiZXhwIjoxNzA1NjQ5Nzg4fQ.FdVrkS1kW4rTtV_7ykvaGrQ91H3AqdDt3uJmX-FfbcU', NULL, 1, 0, '2024-01-09 07:36:28'),
(117, 'eyJhbGciOiJIUzI1NiIsInR5cCI6IkpXVCJ9.eyJicmFuZHNfaWQiOjEsIm51bWJlciI6NzY4NzA3MTA3MCwiZW1haWwiOiJpbmZvQGtyZWF0aXZlbWFjaGluZXouY29tIiwiYnJhbmRsb2ciOnRydWUsImlhdCI6MTcwNDc4NTg1MCwiZXhwIjoxNzA1NjQ5ODUwfQ.iajXpsADHlmHr1Dv6X8o58leA2w_BVk7rtwAWJfcQKU', NULL, 1, 0, '2024-01-09 07:37:30'),
(118, 'eyJhbGciOiJIUzI1NiIsInR5cCI6IkpXVCJ9.eyJicmFuZHNfaWQiOjEsIm51bWJlciI6NzY4NzA3MTA3MCwiZW1haWwiOiJpbmZvQGtyZWF0aXZlbWFjaGluZXouY29tIiwiYnJhbmRsb2ciOnRydWUsImlhdCI6MTcwNDc4NTg5OSwiZXhwIjoxNzA1NjQ5ODk5fQ.U4nGrv4591mUi-6kMHTrk4EvVLpGqm7yDVZkSEmjijg', NULL, 1, 0, '2024-01-09 07:38:19'),
(119, 'eyJhbGciOiJIUzI1NiIsInR5cCI6IkpXVCJ9.eyJicmFuZHNfaWQiOjEsIm51bWJlciI6NzY4NzA3MTA3MCwiZW1haWwiOiJpbmZvQGtyZWF0aXZlbWFjaGluZXouY29tIiwiYnJhbmRsb2ciOnRydWUsImlhdCI6MTcwNDc4NTk4MCwiZXhwIjoxNzA1NjQ5OTgwfQ.vd2YKLENcKrzMY2UEypYopaMrj5FG_shf3Xqc4dJOWc', NULL, 1, 0, '2024-01-09 07:39:40'),
(120, 'eyJhbGciOiJIUzI1NiIsInR5cCI6IkpXVCJ9.eyJicmFuZHNfaWQiOjEsIm51bWJlciI6NzY4NzA3MTA3MCwiZW1haWwiOiJpbmZvQGtyZWF0aXZlbWFjaGluZXouY29tIiwiYnJhbmRsb2ciOnRydWUsImlhdCI6MTcwNDc4NjMxMiwiZXhwIjoxNzA1NjUwMzEyfQ.B6MGkeX_FdMTHmiqLC31sIRmWAUMaqGJu4q1IS-mt5o', NULL, 1, 0, '2024-01-09 07:45:12'),
(121, 'eyJhbGciOiJIUzI1NiIsInR5cCI6IkpXVCJ9.eyJicmFuZHNfaWQiOjEsIm51bWJlciI6NzY4NzA3MTA3MCwiZW1haWwiOiJpbmZvQGtyZWF0aXZlbWFjaGluZXouY29tIiwiYnJhbmRsb2ciOnRydWUsImlhdCI6MTcwNDc4NjM0NiwiZXhwIjoxNzA1NjUwMzQ2fQ.O3A3jZ_Q2GqG606BjFgbm1R5pbMUdQOUh7bucbel5ck', NULL, 1, 0, '2024-01-09 07:45:46'),
(122, 'eyJhbGciOiJIUzI1NiIsInR5cCI6IkpXVCJ9.eyJicmFuZHNfaWQiOjEsIm51bWJlciI6NzY4NzA3MTA3MCwiZW1haWwiOiJpbmZvQGtyZWF0aXZlbWFjaGluZXouY29tIiwiYnJhbmRsb2ciOnRydWUsImlhdCI6MTcwNDc4NjY5MCwiZXhwIjoxNzA1NjUwNjkwfQ.b9c5T8TALEosFET7X25qRGxGVA4vP4d8SKZbd8CpuoM', NULL, 1, 0, '2024-01-09 07:51:30'),
(123, 'eyJhbGciOiJIUzI1NiIsInR5cCI6IkpXVCJ9.eyJicmFuZHNfaWQiOjEsIm51bWJlciI6NzY4NzA3MTA3MCwiZW1haWwiOiJpbmZvQGtyZWF0aXZlbWFjaGluZXouY29tIiwiYnJhbmRsb2ciOnRydWUsImlhdCI6MTcwNDc4Njk0NiwiZXhwIjoxNzA1NjUwOTQ2fQ.J0P6F6RDc3-5rzPq0Oem3jMA3udcZWnAKl6BOAInWWA', NULL, 1, 0, '2024-01-09 07:55:46'),
(124, 'eyJhbGciOiJIUzI1NiIsInR5cCI6IkpXVCJ9.eyJicmFuZHNfaWQiOjEsIm51bWJlciI6NzY4NzA3MTA3MCwiZW1haWwiOiJpbmZvQGtyZWF0aXZlbWFjaGluZXouY29tIiwiYnJhbmRsb2ciOnRydWUsImlhdCI6MTcwNDc4NzAxNiwiZXhwIjoxNzA1NjUxMDE2fQ.CPsCnrFaqbvV5TBPOZpzTlKFYNc32aNVmGmu_IOHiw0', NULL, 1, 0, '2024-01-09 07:56:56'),
(125, 'eyJhbGciOiJIUzI1NiIsInR5cCI6IkpXVCJ9.eyJicmFuZHNfaWQiOjEsIm51bWJlciI6NzY4NzA3MTA3MCwiZW1haWwiOiJpbmZvQGtyZWF0aXZlbWFjaGluZXouY29tIiwiYnJhbmRsb2ciOnRydWUsImlhdCI6MTcwNDc4Nzc3MCwiZXhwIjoxNzA1NjUxNzcwfQ.zps_VBvIgsSH-XyMtZH1pSPpHUY-Y6cZVj-8Ac9ELEo', NULL, 1, 0, '2024-01-09 08:09:30'),
(126, 'eyJhbGciOiJIUzI1NiIsInR5cCI6IkpXVCJ9.eyJicmFuZHNfaWQiOjEsIm51bWJlciI6NzY4NzA3MTA3MCwiZW1haWwiOiJpbmZvQGtyZWF0aXZlbWFjaGluZXouY29tIiwiYnJhbmRsb2ciOnRydWUsImlhdCI6MTcwNDc5MjM5MiwiZXhwIjoxNzA1NjU2MzkyfQ.V_HAxp4ThSiF1baEozZxfw4qBsAvK4qAh9qEjGPu1lc', NULL, 1, 0, '2024-01-09 09:26:32'),
(127, 'eyJhbGciOiJIUzI1NiIsInR5cCI6IkpXVCJ9.eyJicmFuZHNfaWQiOjEsIm51bWJlciI6NzY4NzA3MTA3MCwiZW1haWwiOiJpbmZvQGtyZWF0aXZlbWFjaGluZXouY29tIiwiYnJhbmRsb2ciOnRydWUsImlhdCI6MTcwNDc5MjQ0MCwiZXhwIjoxNzA1NjU2NDQwfQ.ADhvg9gM4DdziQn57K3JLTUhqRFg8i6dXW7-Zp5Oabc', NULL, 1, 0, '2024-01-09 09:27:20'),
(128, 'eyJhbGciOiJIUzI1NiIsInR5cCI6IkpXVCJ9.eyJicmFuZHNfaWQiOjEsIm51bWJlciI6NzY4NzA3MTA3MCwiZW1haWwiOiJpbmZvQGtyZWF0aXZlbWFjaGluZXouY29tIiwiYnJhbmRsb2ciOnRydWUsImlhdCI6MTcwNDc5MjQ4MSwiZXhwIjoxNzA1NjU2NDgxfQ.DzQ226T7IgBEBplG6PlloUADpNjaqYvXFqGOrpy83VU', NULL, 1, 0, '2024-01-09 09:28:01'),
(129, 'eyJhbGciOiJIUzI1NiIsInR5cCI6IkpXVCJ9.eyJicmFuZHNfaWQiOjEsIm51bWJlciI6NzY4NzA3MTA3MCwiZW1haWwiOiJpbmZvQGtyZWF0aXZlbWFjaGluZXouY29tIiwiYnJhbmRsb2ciOnRydWUsImlhdCI6MTcwNDc5MzgwNCwiZXhwIjoxNzA1NjU3ODA0fQ.TwhSC0I5ypyGOYGmj7LzpziTsr-fVAE7_iWJAfzmPo4', NULL, 1, 0, '2024-01-09 09:50:04'),
(130, 'eyJhbGciOiJIUzI1NiIsInR5cCI6IkpXVCJ9.eyJicmFuZHNfaWQiOjEsIm51bWJlciI6NzY4NzA3MTA3MCwiZW1haWwiOiJpbmZvQGtyZWF0aXZlbWFjaGluZXouY29tIiwiYnJhbmRsb2ciOnRydWUsImlhdCI6MTcwNDc5NDIxMCwiZXhwIjoxNzA1NjU4MjEwfQ.-DhVpB-9dLYRnqFQ7_iaTnWD3fH_rJ3Mb5GhmsUb74c', NULL, 1, 0, '2024-01-09 09:56:50'),
(131, 'eyJhbGciOiJIUzI1NiIsInR5cCI6IkpXVCJ9.eyJicmFuZHNfaWQiOjEsIm51bWJlciI6NzY4NzA3MTA3MCwiZW1haWwiOiJpbmZvQGtyZWF0aXZlbWFjaGluZXouY29tIiwiYnJhbmRsb2ciOnRydWUsImlhdCI6MTcwNDc5NTcyNywiZXhwIjoxNzA1NjU5NzI3fQ.tU7WLE-A-qZft75BD8xtkVuyYjwVXEjCaDNOUkwthFo', NULL, 1, 0, '2024-01-09 10:22:07'),
(132, 'eyJhbGciOiJIUzI1NiIsInR5cCI6IkpXVCJ9.eyJpbmZsdWVuY2VyX2lkIjoxLCJudW1iZXIiOjkzMzAyMDI2OTYsImJyYW5kbG9nIjpmYWxzZSwiaWF0IjoxNzA0ODg5MjQyLCJleHAiOjE3MDU3NTMyNDJ9.JWP7rfIIjVt3BqB9yLu3eSwcY1iW1O96QVLKtZulY1M', 1, NULL, 0, '2024-01-10 12:20:42'),
(133, 'eyJhbGciOiJIUzI1NiIsInR5cCI6IkpXVCJ9.eyJicmFuZHNfaWQiOjEsIm51bWJlciI6NzY4NzA3MTA3MCwiZW1haWwiOiJpbmZvQGtyZWF0aXZlbWFjaGluZXouY29tIiwiYnJhbmRsb2ciOnRydWUsImlhdCI6MTcwNDk1MDU4OSwiZXhwIjoxNzA1ODE0NTg5fQ.a1lEFaGCIzzGc0ngor5xJukGh7OeTv16q4aq3a5QTTQ', NULL, 1, 0, '2024-01-11 05:23:09'),
(134, 'eyJhbGciOiJIUzI1NiIsInR5cCI6IkpXVCJ9.eyJpbmZsdWVuY2VyX2lkIjoxNSwibnVtYmVyIjo2Mzg2ODQ5MDU1LCJicmFuZGxvZyI6ZmFsc2UsImlhdCI6MTcwNDk5NzQ1NywiZXhwIjoxNzA1ODYxNDU3fQ.iWM0gnwt_czc-iKUqVSdZXz8A6GalbG6au_zSXAlhhk', 15, NULL, 0, '2024-01-11 18:24:17'),
(135, 'eyJhbGciOiJIUzI1NiIsInR5cCI6IkpXVCJ9.eyJpbmZsdWVuY2VyX2lkIjoxNSwibnVtYmVyIjo2Mzg2ODQ5MDU1LCJicmFuZGxvZyI6ZmFsc2UsImlhdCI6MTcwNTAxNzAwOSwiZXhwIjoxNzA1ODgxMDA5fQ.bfYldF-XsqZLUC1glFcLuWX5gO7z2S1hO9g4K6p366Q', 15, NULL, 0, '2024-01-11 23:50:09'),
(136, 'eyJhbGciOiJIUzI1NiIsInR5cCI6IkpXVCJ9.eyJpbmZsdWVuY2VyX2lkIjoxLCJudW1iZXIiOjkzMzAyMDI2OTYsImJyYW5kbG9nIjpmYWxzZSwiaWF0IjoxNzA1MDM3Mjk5LCJleHAiOjE3MDU5MDEyOTl9.DchFzePhxy-592Zd2DNNpqqIbkgDRLRkt7SgsT7gZ5s', 1, NULL, 0, '2024-01-12 05:28:19'),
(137, 'eyJhbGciOiJIUzI1NiIsInR5cCI6IkpXVCJ9.eyJpbmZsdWVuY2VyX2lkIjoxLCJudW1iZXIiOjkzMzAyMDI2OTYsImJyYW5kbG9nIjpmYWxzZSwiaWF0IjoxNzA1MDM3NjE0LCJleHAiOjE3MDU5MDE2MTR9.kzaNV6CKmOKMUDVgjEblPCFIwdb7H6QqGFzhtKO_v4E', 1, NULL, 0, '2024-01-12 05:33:34'),
(138, 'eyJhbGciOiJIUzI1NiIsInR5cCI6IkpXVCJ9.eyJpbmZsdWVuY2VyX2lkIjoxNiwibnVtYmVyIjoyMzQ1Njc4OTAxLCJicmFuZGxvZyI6ZmFsc2UsImlhdCI6MTcwNTAzNzg2NSwiZXhwIjoxNzA1OTAxODY1fQ.8NRwhIJ2l3h1DZHO0Cata0WCWKXF5GdEDxgcbxzouMQ', 16, NULL, 0, '2024-01-12 05:37:45'),
(139, 'eyJhbGciOiJIUzI1NiIsInR5cCI6IkpXVCJ9.eyJpbmZsdWVuY2VyX2lkIjoxNSwibnVtYmVyIjo2Mzg2ODQ5MDU1LCJicmFuZGxvZyI6ZmFsc2UsImlhdCI6MTcwNTAzOTIyMywiZXhwIjoxNzA1OTAzMjIzfQ.7KnBKwJWCQmUXbu8pk8fQ29gZkPsTQSaGOqwFyFNE0Q', 15, NULL, 0, '2024-01-12 06:00:23'),
(140, 'eyJhbGciOiJIUzI1NiIsInR5cCI6IkpXVCJ9.eyJpbmZsdWVuY2VyX2lkIjoxLCJudW1iZXIiOjkzMzAyMDI2OTYsImJyYW5kbG9nIjpmYWxzZSwiaWF0IjoxNzA1MDY0NTg2LCJleHAiOjE3MDU5Mjg1ODZ9.wo5Bvb2yf8enUohOK0HkMcfjTb1_ftXKeh0_R-7L9QU', 1, NULL, 0, '2024-01-12 13:03:06'),
(141, 'eyJhbGciOiJIUzI1NiIsInR5cCI6IkpXVCJ9.eyJpbmZsdWVuY2VyX2lkIjo4LCJudW1iZXIiOjAsImJyYW5kbG9nIjpmYWxzZSwiaWF0IjoxNzA1Mjg2OTk1LCJleHAiOjE3MDYxNTA5OTV9.rJRU7v6hyH3ilesiHC_pA9WaHOFKDz5NszWeRktD-TA', 8, NULL, 0, '2024-01-15 02:49:55'),
(142, 'eyJhbGciOiJIUzI1NiIsInR5cCI6IkpXVCJ9.eyJpbmZsdWVuY2VyX2lkIjoxLCJudW1iZXIiOjkzMzAyMDI2OTYsImJyYW5kbG9nIjpmYWxzZSwiaWF0IjoxNzA1MzA0OTI5LCJleHAiOjE3MDYxNjg5Mjl9.cybrnQw2yXd-dbYgjovxCviEZPAgCjUZ0XT0gI6aa84', 1, NULL, 0, '2024-01-15 07:48:49'),
(143, 'eyJhbGciOiJIUzI1NiIsInR5cCI6IkpXVCJ9.eyJicmFuZHNfaWQiOjEsIm51bWJlciI6NzY4NzA3MTA3MCwiZW1haWwiOiJpbmZvQGtyZWF0aXZlbWFjaGluZXouY29tIiwiYnJhbmRsb2ciOnRydWUsImlhdCI6MTcwNTMxMTM1NywiZXhwIjoxNzA2MTc1MzU3fQ.1oLZlP7ygnIEw3PDk1EdYCM0OiOlcskuYZz7nVx-fec', NULL, 1, 0, '2024-01-15 09:35:57'),
(144, 'eyJhbGciOiJIUzI1NiIsInR5cCI6IkpXVCJ9.eyJicmFuZHNfaWQiOjIsIm51bWJlciI6OTMzMDIwMjY5NiwiZW1haWwiOiJzaGVpa2h4emFoZWVyQGdtYWlsLmNvbSIsImJyYW5kbG9nIjp0cnVlLCJpYXQiOjE3MDUzMTE1MjgsImV4cCI6MTcwNjE3NTUyOH0.Xz07Vm_SvX_7oSiGKSVbQP4qnhKvS8ORyD_cpDLR4DM', NULL, 2, 0, '2024-01-15 09:38:48'),
(145, 'eyJhbGciOiJIUzI1NiIsInR5cCI6IkpXVCJ9.eyJicmFuZHNfaWQiOjEsIm51bWJlciI6NzY4NzA3MTA3MCwiZW1haWwiOiJpbmZvQGtyZWF0aXZlbWFjaGluZXouY29tIiwiYnJhbmRsb2ciOnRydWUsImlhdCI6MTcwNTMxMTgwNSwiZXhwIjoxNzA2MTc1ODA1fQ.mybyv67HPSevhuTZYy6UJbFesN2BMcnePlqZQWaARts', NULL, 1, 0, '2024-01-15 09:43:25'),
(146, 'eyJhbGciOiJIUzI1NiIsInR5cCI6IkpXVCJ9.eyJpbmZsdWVuY2VyX2lkIjoxOCwibnVtYmVyIjozNDU2Nzg5MDEyLCJicmFuZGxvZyI6ZmFsc2UsImlhdCI6MTcwNTMxMzkwNSwiZXhwIjoxNzA2MTc3OTA1fQ.2O2KDPhz0KnCx6VdB85hs61ZCQ0l3nJQFCArZ8x5Mqk', 18, NULL, 0, '2024-01-15 10:18:25'),
(147, 'eyJhbGciOiJIUzI1NiIsInR5cCI6IkpXVCJ9.eyJpbmZsdWVuY2VyX2lkIjoxLCJudW1iZXIiOjkzMzAyMDI2OTYsImJyYW5kbG9nIjpmYWxzZSwiaWF0IjoxNzA1MzE5NzA1LCJleHAiOjE3MDYxODM3MDV9.oyMs_jnxlEz7bRdu6fgtPr2k9ad03hHxtpv4xQ6TUdE', 1, NULL, 0, '2024-01-15 11:55:05'),
(148, 'eyJhbGciOiJIUzI1NiIsInR5cCI6IkpXVCJ9.eyJpbmZsdWVuY2VyX2lkIjoxLCJudW1iZXIiOjkzMzAyMDI2OTYsImJyYW5kbG9nIjpmYWxzZSwiaWF0IjoxNzA1Mzk2ODE0LCJleHAiOjE3MDYyNjA4MTR9.kPEXy8gG4LSO5vDxiHWOnVoaBp0mYbLEsZPedTLBfIE', 1, NULL, 0, '2024-01-16 09:20:14'),
(149, 'eyJhbGciOiJIUzI1NiIsInR5cCI6IkpXVCJ9.eyJpbmZsdWVuY2VyX2lkIjoxOSwibnVtYmVyIjo4MzE4MDI4MTgyLCJicmFuZGxvZyI6ZmFsc2UsImlhdCI6MTcwNTQxNDc0NSwiZXhwIjoxNzA2Mjc4NzQ1fQ.dLa6RPrv7xaETTUzu2qekaCTPUlAsg97Lqr9i72SUTs', 19, NULL, 0, '2024-01-16 14:19:05'),
(150, 'eyJhbGciOiJIUzI1NiIsInR5cCI6IkpXVCJ9.eyJpbmZsdWVuY2VyX2lkIjoxLCJudW1iZXIiOjkzMzAyMDI2OTYsImJyYW5kbG9nIjpmYWxzZSwiaWF0IjoxNzA1NDg2MTI1LCJleHAiOjE3MDYzNTAxMjV9.Yrtjb5JN1P1V6TYvlYYdsxdi3qYdW7RyORXp7fpPZ-w', 1, NULL, 0, '2024-01-17 10:08:45'),
(151, 'eyJhbGciOiJIUzI1NiIsInR5cCI6IkpXVCJ9.eyJpbmZsdWVuY2VyX2lkIjoxLCJudW1iZXIiOjkzMzAyMDI2OTYsImJyYW5kbG9nIjpmYWxzZSwiaWF0IjoxNzA1NDk4NjM1LCJleHAiOjE3MDYzNjI2MzV9.HrVp9mBUZhQSlN8kTcCS57aqcBBrw3uvMB3VKzjaosY', 1, NULL, 0, '2024-01-17 13:37:15'),
(152, 'eyJhbGciOiJIUzI1NiIsInR5cCI6IkpXVCJ9.eyJpbmZsdWVuY2VyX2lkIjo4LCJudW1iZXIiOjAsImJyYW5kbG9nIjpmYWxzZSwiaWF0IjoxNzA1OTg5MTk3LCJleHAiOjE3MDY4NTMxOTd9.q-0U5ev67RJvlRq-adeRAe7PpTK2Gl8BQhtt6pBgFhk', 8, NULL, 0, '2024-01-23 05:53:17'),
(153, 'eyJhbGciOiJIUzI1NiIsInR5cCI6IkpXVCJ9.eyJicmFuZHNfaWQiOjEsIm51bWJlciI6NzY4NzA3MTA3MCwiZW1haWwiOiJpbmZvQGtyZWF0aXZlbWFjaGluZXouY29tIiwiYnJhbmRsb2ciOnRydWUsImlhdCI6MTcwNjM0MDI0NiwiZXhwIjoxNzA3MjA0MjQ2fQ.XVs12eHgnOSshM1Mg0xaA6N7JmWztNUsdlwgO0sx9LA', NULL, 1, 0, '2024-01-27 07:24:06'),
(154, 'eyJhbGciOiJIUzI1NiIsInR5cCI6IkpXVCJ9.eyJpbmZsdWVuY2VyX2lkIjo4LCJudW1iZXIiOjAsImJyYW5kbG9nIjpmYWxzZSwiaWF0IjoxNzA2NjY5MjA3LCJleHAiOjE3MDc1MzMyMDd9.V8vAQCTWIpFGksA6nW9hqyhA5TgWUCg9DnOrvT8Sn0E', 8, NULL, 0, '2024-01-31 02:46:47'),
(155, 'eyJhbGciOiJIUzI1NiIsInR5cCI6IkpXVCJ9.eyJpbmZsdWVuY2VyX2lkIjo3LCJudW1iZXIiOjg0MjA0MTk4MjgsImJyYW5kbG9nIjpmYWxzZSwiaWF0IjoxNzA3MTE5ODE0LCJleHAiOjE3MDc5ODM4MTR9.VTHRb3pfF3PEznNbju5ZIscnj1u9rjc8d33JxQ9_InE', 7, NULL, 0, '2024-02-05 07:56:54'),
(156, 'eyJhbGciOiJIUzI1NiIsInR5cCI6IkpXVCJ9.eyJpbmZsdWVuY2VyX2lkIjoyMCwibnVtYmVyIjoxMjM2NTQ3ODk2LCJicmFuZGxvZyI6ZmFsc2UsImlhdCI6MTcwNzExOTgzMywiZXhwIjoxNzA3OTgzODMzfQ.mv0AbIM4iwBEsbGQRlzY7CdX6Zf81SNgW71KvVb63Vk', 20, NULL, 0, '2024-02-05 07:57:13'),
(157, 'eyJhbGciOiJIUzI1NiIsInR5cCI6IkpXVCJ9.eyJpbmZsdWVuY2VyX2lkIjo4LCJudW1iZXIiOjAsImJyYW5kbG9nIjpmYWxzZSwiaWF0IjoxNzA3NTM4MDE3LCJleHAiOjE3MDg0MDIwMTd9.5vF-gV34uOn5AQ8kjHUJPmOGQch78NeCrNJrti3FWPo', 8, NULL, 0, '2024-02-10 04:06:57'),
(158, 'eyJhbGciOiJIUzI1NiIsInR5cCI6IkpXVCJ9.eyJpbmZsdWVuY2VyX2lkIjo4LCJudW1iZXIiOjAsImJyYW5kbG9nIjpmYWxzZSwiaWF0IjoxNzA3NTM4MDE4LCJleHAiOjE3MDg0MDIwMTh9.JuGGtaLMyMiTQ24TWaLojcps7rsUlCcZ6W2Rx_WbCHw', 8, NULL, 0, '2024-02-10 04:06:58'),
(159, 'eyJhbGciOiJIUzI1NiIsInR5cCI6IkpXVCJ9.eyJpbmZsdWVuY2VyX2lkIjo4LCJudW1iZXIiOjAsImJyYW5kbG9nIjpmYWxzZSwiaWF0IjoxNzA3NTM5OTAyLCJleHAiOjE3MDg0MDM5MDJ9.u7AsSWnYnMlWcCYkbvF-2zSMXb70wZJTdrt7C0PZkyM', 8, NULL, 0, '2024-02-10 04:38:22'),
(160, 'eyJhbGciOiJIUzI1NiIsInR5cCI6IkpXVCJ9.eyJpbmZsdWVuY2VyX2lkIjo4LCJudW1iZXIiOjAsImJyYW5kbG9nIjpmYWxzZSwiaWF0IjoxNzA4NTgxNjU1LCJleHAiOjE3MDk0NDU2NTV9.c4NnjCmC6Fl14ERqIlSy1cXHWpoa_NeUIvKvl1EiDXU', 8, NULL, 0, '2024-02-22 06:00:55'),
(161, 'eyJhbGciOiJIUzI1NiIsInR5cCI6IkpXVCJ9.eyJpbmZsdWVuY2VyX2lkIjoxLCJudW1iZXIiOjkzMzAyMDI2OTYsImJyYW5kbG9nIjpmYWxzZSwiaWF0IjoxNzA5NjE0MzA0LCJleHAiOjE3MTA0NzgzMDR9.CJoGQp5j0Ntjy_lPwa2IpTCuW6HXlafSaiVA1Gr87aA', 1, NULL, 0, '2024-03-05 04:51:44'),
(162, 'eyJhbGciOiJIUzI1NiIsInR5cCI6IkpXVCJ9.eyJpbmZsdWVuY2VyX2lkIjoxLCJudW1iZXIiOjkzMzAyMDI2OTYsImJyYW5kbG9nIjpmYWxzZSwiaWF0IjoxNzA5Nzg3NjczLCJleHAiOjE3MTA2NTE2NzN9.eI491aZp3WTrEIrDsFLgoH7vl11L8SQGFGzfOsvkce8', 1, NULL, 0, '2024-03-07 05:01:13'),
(163, 'eyJhbGciOiJIUzI1NiIsInR5cCI6IkpXVCJ9.eyJicmFuZHNfaWQiOjEsIm51bWJlciI6NzY4NzA3MTA3MCwiZW1haWwiOiJpbmZvQGtyZWF0aXZlbWFjaGluZXouY29tIiwiYnJhbmRsb2ciOnRydWUsImlhdCI6MTcxMDI0NDQyNCwiZXhwIjoxNzExMTA4NDI0fQ.c1rHzMr5xmqedX1vwxuUSTcJW8OjLLc50V9eYCw28RM', NULL, 1, 0, '2024-03-12 11:53:44'),
(164, 'eyJhbGciOiJIUzI1NiIsInR5cCI6IkpXVCJ9.eyJpbmZsdWVuY2VyX2lkIjo3LCJudW1iZXIiOjg0MjA0MTk4MjgsImJyYW5kbG9nIjpmYWxzZSwiaWF0IjoxNzEwMzU1MDkzLCJleHAiOjE3MTEyMTkwOTN9.rNHvstls1n1usrncrYD7U6qeaKDg2UQ9LeF-wVKpeO8', 7, NULL, 0, '2024-03-13 18:38:13'),
(165, 'eyJhbGciOiJIUzI1NiIsInR5cCI6IkpXVCJ9.eyJicmFuZHNfaWQiOjMsIm51bWJlciI6Nzk4MDIzNzgxNSwiZW1haWwiOiJpbmZvQGtyZWF0aXZlbWFjaGllbnoubmV0IiwiYnJhbmRsb2ciOnRydWUsImlhdCI6MTcxMTA5MTE1MywiZXhwIjoxNzExOTU1MTUzfQ.KBqXtnrVPSxxB2np_Bfo5-91TG_sXz0jGSEjTpsVWo4', NULL, 3, 0, '2024-03-22 07:05:53'),
(166, 'eyJhbGciOiJIUzI1NiIsInR5cCI6IkpXVCJ9.eyJpbmZsdWVuY2VyX2lkIjoxNSwibnVtYmVyIjo2Mzg2ODQ5MDU1LCJicmFuZGxvZyI6ZmFsc2UsImlhdCI6MTcxMTQxNjgzNCwiZXhwIjoxNzEyMjgwODM0fQ.keNTgwoh1PSYsAT3jtPn-0ZkTYnIcwz_e-55SSOzwz8', 15, NULL, 0, '2024-03-26 01:33:54'),
(167, 'eyJhbGciOiJIUzI1NiIsInR5cCI6IkpXVCJ9.eyJpbmZsdWVuY2VyX2lkIjo4LCJudW1iZXIiOjAsImJyYW5kbG9nIjpmYWxzZSwiaWF0IjoxNzExNzU0OTg5LCJleHAiOjE3MTI2MTg5ODl9.FiREzT7eEZfFPMaVk8BGoNAVdDMJWL_BLW5Zfq_ezCc', 8, NULL, 0, '2024-03-29 23:29:49'),
(168, 'eyJhbGciOiJIUzI1NiIsInR5cCI6IkpXVCJ9.eyJpbmZsdWVuY2VyX2lkIjoxLCJudW1iZXIiOjkzMzAyMDI2OTYsImJyYW5kbG9nIjpmYWxzZSwiaWF0IjoxNzEyMDQ4MDM1LCJleHAiOjE3MTI5MTIwMzV9.fbM59B6QM8chHOtbk_YN_1tLYAHyLTADyAMp0WCM9Uk', 1, NULL, 0, '2024-04-02 08:53:55'),
(169, 'eyJhbGciOiJIUzI1NiIsInR5cCI6IkpXVCJ9.eyJpbmZsdWVuY2VyX2lkIjoxLCJudW1iZXIiOjkzMzAyMDI2OTYsImJyYW5kbG9nIjpmYWxzZSwiaWF0IjoxNzEyMDQ4NTg0LCJleHAiOjE3MTI5MTI1ODR9.qqDEs6r5_ICFKRWslUesdsc-7TdNepSpcs-LuPSvzJ4', 1, NULL, 0, '2024-04-02 09:03:04'),
(170, 'eyJhbGciOiJIUzI1NiIsInR5cCI6IkpXVCJ9.eyJpbmZsdWVuY2VyX2lkIjoxLCJudW1iZXIiOjkzMzAyMDI2OTYsImJyYW5kbG9nIjpmYWxzZSwiaWF0IjoxNzEyNjM4NDQxLCJleHAiOjE3MTM1MDI0NDF9.n5llWwWB7gs0vRlO5jU2umNt8JUGQVhkFkEc_2BnxOY', 1, NULL, 0, '2024-04-09 04:54:01'),
(171, 'eyJhbGciOiJIUzI1NiIsInR5cCI6IkpXVCJ9.eyJpbmZsdWVuY2VyX2lkIjoxLCJudW1iZXIiOjkzMzAyMDI2OTYsImJyYW5kbG9nIjpmYWxzZSwiaWF0IjoxNzEyNjM4Nzg5LCJleHAiOjE3MTM1MDI3ODl9.-pXilSCIJb4c-rqiXfWU7NCTk_vpTzoZKtA1FV_Yjxg', 1, NULL, 0, '2024-04-09 04:59:49'),
(172, 'eyJhbGciOiJIUzI1NiIsInR5cCI6IkpXVCJ9.eyJpbmZsdWVuY2VyX2lkIjoxLCJudW1iZXIiOjkzMzAyMDI2OTYsImJyYW5kbG9nIjpmYWxzZSwiaWF0IjoxNzEyNjYwMDk0LCJleHAiOjE3MTM1MjQwOTR9.3m8l8jPL_xad_gPwZX4tZTXi8NBlYnFOg9fXaF_SstY', 1, NULL, 0, '2024-04-09 10:54:54'),
(173, 'eyJhbGciOiJIUzI1NiIsInR5cCI6IkpXVCJ9.eyJicmFuZHNfaWQiOjMsIm51bWJlciI6Nzk4MDIzNzgxNSwiZW1haWwiOiJpbmZvQGtyZWF0aXZlbWFjaGllbnoubmV0IiwiYnJhbmRsb2ciOnRydWUsImlhdCI6MTcxMjkxMDUxOCwiZXhwIjoxNzEzNzc0NTE4fQ.5_PiowLJv6t3wBL1_mjeUhWM9hgzen8-VDuMKApT9-Q', NULL, 3, 0, '2024-04-12 08:28:38'),
(174, 'eyJhbGciOiJIUzI1NiIsInR5cCI6IkpXVCJ9.eyJicmFuZHNfaWQiOjMsIm51bWJlciI6Nzk4MDIzNzgxNSwiZW1haWwiOiJpbmZvQGtyZWF0aXZlbWFjaGllbnoubmV0IiwiYnJhbmRsb2ciOnRydWUsImlhdCI6MTcxMzE3ODk1NywiZXhwIjoxNzE0MDQyOTU3fQ.2PV7f9LtAwTZpJjbc77LJtO1NYsesR-wAJ06Lop80JQ', NULL, 3, 0, '2024-04-15 11:02:37'),
(175, 'eyJhbGciOiJIUzI1NiIsInR5cCI6IkpXVCJ9.eyJicmFuZHNfaWQiOjMsIm51bWJlciI6Nzk4MDIzNzgxNSwiZW1haWwiOiJpbmZvQGtyZWF0aXZlbWFjaGllbnoubmV0IiwiYnJhbmRsb2ciOnRydWUsImlhdCI6MTcxMzE4NzY5NywiZXhwIjoxNzE0MDUxNjk3fQ.cahvDsZrjflKoiVAEbnUmGKyM0RgqeO5z-WQyf_aCPc', NULL, 3, 0, '2024-04-15 13:28:17'),
(176, 'eyJhbGciOiJIUzI1NiIsInR5cCI6IkpXVCJ9.eyJicmFuZHNfaWQiOjMsIm51bWJlciI6Nzk4MDIzNzgxNSwiZW1haWwiOiJpbmZvQGtyZWF0aXZlbWFjaGllbnoubmV0IiwiYnJhbmRsb2ciOnRydWUsImlhdCI6MTcxMzE4NzY5NywiZXhwIjoxNzE0MDUxNjk3fQ.cahvDsZrjflKoiVAEbnUmGKyM0RgqeO5z-WQyf_aCPc', NULL, 3, 0, '2024-04-15 13:28:17'),
(177, 'eyJhbGciOiJIUzI1NiIsInR5cCI6IkpXVCJ9.eyJicmFuZHNfaWQiOjMsIm51bWJlciI6Nzk4MDIzNzgxNSwiZW1haWwiOiJpbmZvQGtyZWF0aXZlbWFjaGllbnoubmV0IiwiYnJhbmRsb2ciOnRydWUsImlhdCI6MTcxMzI0Nzg2MCwiZXhwIjoxNzE0MTExODYwfQ.eRa8DJ-r_73I-ivleLN36awhl4XzhxE0e8M8jLtc7m8', NULL, 3, 0, '2024-04-16 06:11:00'),
(178, 'eyJhbGciOiJIUzI1NiIsInR5cCI6IkpXVCJ9.eyJicmFuZHNfaWQiOjMsIm51bWJlciI6Nzk4MDIzNzgxNSwiZW1haWwiOiJpbmZvQGtyZWF0aXZlbWFjaGllbnoubmV0IiwiYnJhbmRsb2ciOnRydWUsImlhdCI6MTcxMzI2NzE0OCwiZXhwIjoxNzE0MTMxMTQ4fQ.ved_Ef5EN8R93AFzXi6SopkKVz6sT5MBk4S6Syh3nvs', NULL, 3, 0, '2024-04-16 11:32:28'),
(179, 'eyJhbGciOiJIUzI1NiIsInR5cCI6IkpXVCJ9.eyJicmFuZHNfaWQiOjYsIm51bWJlciI6MTIzNDU2Nzg5MCwiZW1haWwiOm51bGwsImJyYW5kbG9nIjp0cnVlLCJpYXQiOjE3MTM0MTUwODgsImV4cCI6MTcxNDI3OTA4OH0.-K5bTkU9WlsO9Djtizi7uLm35AAo9A-3lv24iOFutXA', NULL, 6, 0, '2024-04-18 04:38:08'),
(180, 'eyJhbGciOiJIUzI1NiIsInR5cCI6IkpXVCJ9.eyJpbmZsdWVuY2VyX2lkIjoxLCJudW1iZXIiOjkzMzAyMDI2OTYsImJyYW5kbG9nIjpmYWxzZSwiaWF0IjoxNzEzNDIyNzcxLCJleHAiOjE3MTQyODY3NzF9.tQvs5v4-4lj8btD0FSZtA_InnjSxgNyE0hFutapdNJ8', 1, NULL, 0, '2024-04-18 06:46:11'),
(181, 'eyJhbGciOiJIUzI1NiIsInR5cCI6IkpXVCJ9.eyJicmFuZHNfaWQiOjYsIm51bWJlciI6MTIzNDU2Nzg5MCwiZW1haWwiOm51bGwsImJyYW5kbG9nIjp0cnVlLCJpYXQiOjE3MTM0MjU5MzEsImV4cCI6MTcxNDI4OTkzMX0.d6UEIrCuRoPvoeBAK5jHef__NjRB2IbLNFtbwEnPfhY', NULL, 6, 0, '2024-04-18 07:38:51'),
(182, 'eyJhbGciOiJIUzI1NiIsInR5cCI6IkpXVCJ9.eyJicmFuZHNfaWQiOjMsIm51bWJlciI6Nzk4MDIzNzgxNSwiZW1haWwiOiJpbmZvQGtyZWF0aXZlbWFjaGllbnoubmV0IiwiYnJhbmRsb2ciOnRydWUsImlhdCI6MTcxMzQzNTIwOSwiZXhwIjoxNzE0Mjk5MjA5fQ.0aAIIXDzBTybJZ979gNsAkBzsYQRj6cfiPf2lOg_A3I', NULL, 3, 0, '2024-04-18 10:13:29'),
(183, 'eyJhbGciOiJIUzI1NiIsInR5cCI6IkpXVCJ9.eyJicmFuZHNfaWQiOjMsIm51bWJlciI6Nzk4MDIzNzgxNSwiZW1haWwiOiJpbmZvQGtyZWF0aXZlbWFjaGllbnoubmV0IiwiYnJhbmRsb2ciOnRydWUsImlhdCI6MTcxMzQzNjI5OSwiZXhwIjoxNzE0MzAwMjk5fQ.v3d77hcTHLyDmWMScUSOrKOQn-ra8soTB2SuL21RO-o', NULL, 3, 0, '2024-04-18 10:31:39'),
(184, 'eyJhbGciOiJIUzI1NiIsInR5cCI6IkpXVCJ9.eyJicmFuZHNfaWQiOjYsIm51bWJlciI6MTIzNDU2Nzg5MCwiZW1haWwiOm51bGwsImJyYW5kbG9nIjp0cnVlLCJpYXQiOjE3MTM0MzY0MTUsImV4cCI6MTcxNDMwMDQxNX0.H5G_P117YdASCDu0fuP7LeJMmW65S6QYyn1UziFPxDw', NULL, 6, 0, '2024-04-18 10:33:35'),
(185, 'eyJhbGciOiJIUzI1NiIsInR5cCI6IkpXVCJ9.eyJpbmZsdWVuY2VyX2lkIjo3LCJudW1iZXIiOjg0MjA0MTk4MjgsImJyYW5kbG9nIjpmYWxzZSwiaWF0IjoxNzEzODU3NTc2LCJleHAiOjE3MTQ3MjE1NzZ9.zm-JGt44VOTPzv0GYBw0IauXpjwY5vRFy12VwvDQUOE', 7, NULL, 0, '2024-04-23 07:32:56'),
(186, 'eyJhbGciOiJIUzI1NiIsInR5cCI6IkpXVCJ9.eyJpbmZsdWVuY2VyX2lkIjo3LCJudW1iZXIiOjg0MjA0MTk4MjgsImJyYW5kbG9nIjpmYWxzZSwiaWF0IjoxNzEzODU4NjkwLCJleHAiOjE3MTQ3MjI2OTB9.19x5O45o9_DJoVr9uFZV-WQND4EoAegmKbftoXq90E8', 7, NULL, 0, '2024-04-23 07:51:30'),
(187, 'eyJhbGciOiJIUzI1NiIsInR5cCI6IkpXVCJ9.eyJpbmZsdWVuY2VyX2lkIjo3LCJudW1iZXIiOjg0MjA0MTk4MjgsImJyYW5kbG9nIjpmYWxzZSwiaWF0IjoxNzEzODYyNzA4LCJleHAiOjE3MTQ3MjY3MDh9.mP2E4knqaXmMbqNpjMU5BiEFgQxzOS5UTz3rAx_zK0U', 7, NULL, 0, '2024-04-23 08:58:28'),
(188, 'eyJhbGciOiJIUzI1NiIsInR5cCI6IkpXVCJ9.eyJpbmZsdWVuY2VyX2lkIjo3LCJudW1iZXIiOjg0MjA0MTk4MjgsImJyYW5kbG9nIjpmYWxzZSwiaWF0IjoxNzEzODY5MTg4LCJleHAiOjE3MTQ3MzMxODh9.V_g6-DdjdxO0y_UkNXOvs-6Hky8sX7WLmFTd_f0quC4', 7, NULL, 0, '2024-04-23 10:46:28'),
(189, 'eyJhbGciOiJIUzI1NiIsInR5cCI6IkpXVCJ9.eyJpbmZsdWVuY2VyX2lkIjo3LCJudW1iZXIiOjg0MjA0MTk4MjgsImJyYW5kbG9nIjpmYWxzZSwiaWF0IjoxNzEzODc1NTYwLCJleHAiOjE3MTQ3Mzk1NjB9.sZb09qdNfFZFS3GiSj63HKEyWjIym4_wEBE0dBdMplk', 7, NULL, 0, '2024-04-23 12:32:40');

-- --------------------------------------------------------

--
-- Table structure for table `application_status`
--

CREATE TABLE `application_status` (
  `application_status_id` int NOT NULL,
  `application_status_name` varchar(255) COLLATE utf8mb4_unicode_ci NOT NULL,
  `delete_flag` tinyint DEFAULT '0',
  `createdAt` datetime NOT NULL
) ENGINE=InnoDB DEFAULT CHARSET=utf8mb4 COLLATE=utf8mb4_unicode_ci;

--
-- Dumping data for table `application_status`
--

INSERT INTO `application_status` (`application_status_id`, `application_status_name`, `delete_flag`, `createdAt`) VALUES
(1, 'Applied', 0, '2023-08-03 06:14:24'),
(2, 'Accepted', 0, '2023-08-03 06:14:24'),
(3, 'Rejected', 0, '2023-08-03 06:14:44');

-- --------------------------------------------------------

--
-- Table structure for table `brand`
--

CREATE TABLE `brand` (
  `brands_id` int NOT NULL,
  `city_id` int DEFAULT NULL,
  `state_id` int DEFAULT NULL,
  `brand_type_id` int DEFAULT NULL,
  `brand_logo` varchar(255) COLLATE utf8mb4_unicode_ci DEFAULT NULL,
  `name` varchar(255) COLLATE utf8mb4_unicode_ci DEFAULT NULL,
  `email` varchar(255) COLLATE utf8mb4_unicode_ci DEFAULT NULL,
  `facebook_url` varchar(255) COLLATE utf8mb4_unicode_ci DEFAULT '',
  `instagram_url` varchar(255) COLLATE utf8mb4_unicode_ci DEFAULT '',
  `youtube_url` varchar(255) COLLATE utf8mb4_unicode_ci DEFAULT '',
  `number` bigint DEFAULT NULL,
  `gst_number` text COLLATE utf8mb4_unicode_ci,
  `website` varchar(255) COLLATE utf8mb4_unicode_ci DEFAULT NULL,
  `pan_card` text COLLATE utf8mb4_unicode_ci,
  `address` varchar(255) COLLATE utf8mb4_unicode_ci DEFAULT NULL,
  `overview` text COLLATE utf8mb4_unicode_ci,
  `profile_status` tinyint DEFAULT '0',
  `account_delete` tinyint DEFAULT '0',
  `createdAt` datetime NOT NULL
) ENGINE=InnoDB DEFAULT CHARSET=utf8mb4 COLLATE=utf8mb4_unicode_ci;

--
-- Dumping data for table `brand`
--

INSERT INTO `brand` (`brands_id`, `city_id`, `state_id`, `brand_type_id`, `brand_logo`, `name`, `email`, `facebook_url`, `instagram_url`, `youtube_url`, `number`, `gst_number`, `website`, `pan_card`, `address`, `overview`, `profile_status`, `account_delete`, `createdAt`) VALUES
(1, 3, 1, 2, 'https://api.republicofinfluencers.in/uploads/1705312819722-29057177.png', 'Kreative Machienz', 'info@kreativemachinez.com', 'https://www.facebook.com/kreativemachinez/', 'https://www.instagram.com/kreative_machinez/', 'https://www.youtube.com/channel/UCtj8W7KJfc062iDzXn5ey_Q/', 7687071070, 'ahgfk6457988798', 'https://www.kreativemachinez.com', 'akjdfak564798', 'Stesalit Tower, E-2-3, GP Block, Sector V, Bidhannagar, Kolkata, West Bengal 700091', 'Kreative Machinez is a mash of creativity, dedication and sustainability. Whether you want to boost organic website traffic, dominate social media, make your business become a brand or want to do anything digital with your business- we come up with wow ideas and execute with innovative thinking and strategic action', 1, 0, '2023-12-15 16:34:51'),
(2, 3, 1, 3, 'https://sheikhxzaheer.vercel.app/static/images/zahherblacksamplaelogo.png', 'Sheikh Zaheer', 'sheikhxzaheer@gmail.com', 'https://www.facebook.com/kreativemachinez/', 'https://www.instagram.com/sheikhxzaheer/', 'https://www.youtube.com/c/SheikhZaheer', 9330202696, '07AAGFF2194N1Z1', 'https://sheikhxzaheer.vercel.app/', 'AFQPA7358J', 'Mominpore, Kolkata, West Bengal', 'hello', 1, 0, '2023-12-18 13:52:51'),
(3, 17, 1, 2, 'https://api.republicofinfluencers.in/uploads/1703842283996-906405668.png', 'Abhik das', 'info@kreativemachienz.net', 'https://www.facebook.com/kreativemachinez/', 'https://www.instagram.com/kreative_machinez/', 'https://www.youtube.com/channel/UCtj8W7KJfc062iDzXn5ey_Q', 7980237815, '96584257QWER', 'https://www.kreativemachinez.com', 'asdasdklasd98798', '6th Floor, Stesalit Tower, E2/3EP, GP Block, Sector V, Bidhannagar, Kolkata, West Bengal 700091', 'Instead, it will copy all the configuration files and the transitive dependencies (webpack, Babel, ESLint, etc) right into your project so you have full control over them. All of the commands except eject will still work, but they will point to the copied scripts so you can tweak them. At this point you\'re on your own.', 1, 0, '2023-12-21 06:22:48'),
(4, NULL, NULL, NULL, NULL, NULL, NULL, '', '', '', 9330202969, NULL, NULL, NULL, NULL, NULL, 0, 0, '2023-12-29 09:11:56'),
(5, NULL, NULL, NULL, NULL, NULL, NULL, '', '', '', 8420419828, NULL, NULL, NULL, NULL, NULL, 0, 0, '2023-12-29 09:51:26'),
(6, NULL, NULL, NULL, NULL, NULL, NULL, '', '', '', 1234567890, NULL, NULL, NULL, NULL, NULL, 0, 0, '2024-04-18 04:38:08');

-- --------------------------------------------------------

--
-- Table structure for table `brands_file`
--

CREATE TABLE `brands_file` (
  `brands_file_id` int NOT NULL,
  `brand_id` int DEFAULT NULL,
  `file_type` varchar(255) COLLATE utf8mb4_unicode_ci NOT NULL,
  `file_link` varchar(255) COLLATE utf8mb4_unicode_ci NOT NULL,
  `file_name` varchar(255) COLLATE utf8mb4_unicode_ci DEFAULT NULL,
  `delete_flag` tinyint DEFAULT '0',
  `createdAt` datetime NOT NULL
) ENGINE=InnoDB DEFAULT CHARSET=utf8mb4 COLLATE=utf8mb4_unicode_ci;

-- --------------------------------------------------------

--
-- Table structure for table `brand_industry`
--

CREATE TABLE `brand_industry` (
  `brand_industry_id` int NOT NULL,
  `brand_id` int DEFAULT NULL,
  `industry_id` int DEFAULT NULL,
  `delete_flag` tinyint DEFAULT '0',
  `createdAt` datetime NOT NULL
) ENGINE=InnoDB DEFAULT CHARSET=utf8mb4 COLLATE=utf8mb4_unicode_ci;

--
-- Dumping data for table `brand_industry`
--

INSERT INTO `brand_industry` (`brand_industry_id`, `brand_id`, `industry_id`, `delete_flag`, `createdAt`) VALUES
(2, 3, 3, 0, '2023-12-29 09:31:24'),
(4, 1, 3, 0, '2024-01-15 10:00:19');

-- --------------------------------------------------------

--
-- Table structure for table `brand_type`
--

CREATE TABLE `brand_type` (
  `brand_type_id` int NOT NULL,
  `brand_type_name` varchar(255) COLLATE utf8mb4_unicode_ci NOT NULL,
  `delete_flag` tinyint DEFAULT '0',
  `createdAt` datetime NOT NULL
) ENGINE=InnoDB DEFAULT CHARSET=utf8mb4 COLLATE=utf8mb4_unicode_ci;

--
-- Dumping data for table `brand_type`
--

INSERT INTO `brand_type` (`brand_type_id`, `brand_type_name`, `delete_flag`, `createdAt`) VALUES
(1, 'Agency', 0, '2023-08-02 05:56:31'),
(2, 'Startup', 0, '2023-08-02 05:56:31'),
(3, 'Brand', 0, '2023-08-10 01:40:23');

-- --------------------------------------------------------

--
-- Table structure for table `campaign`
--

CREATE TABLE `campaign` (
  `campaign_id` int NOT NULL,
  `brand_id` int DEFAULT NULL,
  `campaign_goal_id` int DEFAULT NULL,
  `campaign_status_id` int DEFAULT NULL,
  `payment_status_id` int DEFAULT NULL,
  `barter_note` varchar(255) COLLATE utf8mb4_unicode_ci NOT NULL,
  `campaign_name` varchar(255) COLLATE utf8mb4_unicode_ci NOT NULL,
  `location` varchar(255) COLLATE utf8mb4_unicode_ci NOT NULL,
  `campaign_about` text COLLATE utf8mb4_unicode_ci NOT NULL,
  `about_product` varchar(255) COLLATE utf8mb4_unicode_ci NOT NULL,
  `campaign_start_dt` datetime NOT NULL,
  `campaign_end_dt` datetime NOT NULL,
  `content_submission_deadline` datetime NOT NULL,
  `content_upload_date` datetime NOT NULL,
  `campaign_budget` float DEFAULT '0',
  `eligibility` tinyint DEFAULT NULL,
  `additional_notes` varchar(255) COLLATE utf8mb4_unicode_ci DEFAULT NULL,
  `campaign_delete` tinyint DEFAULT '0',
  `createdAt` datetime NOT NULL
) ENGINE=InnoDB DEFAULT CHARSET=utf8mb4 COLLATE=utf8mb4_unicode_ci;

--
-- Dumping data for table `campaign`
--

INSERT INTO `campaign` (`campaign_id`, `brand_id`, `campaign_goal_id`, `campaign_status_id`, `payment_status_id`, `barter_note`, `campaign_name`, `location`, `campaign_about`, `about_product`, `campaign_start_dt`, `campaign_end_dt`, `content_submission_deadline`, `content_upload_date`, `campaign_budget`, `eligibility`, `additional_notes`, `campaign_delete`, `createdAt`) VALUES
(4, 1, 1, 1, 2, 'Hrello', 'Channel Beauty Mature Forum', 'Chandernagore', 'asfsdfd', 'asdfadf', '2023-12-29 00:00:00', '2023-12-30 00:00:00', '2024-01-01 00:00:00', '2024-01-06 00:00:00', 21435300, 1, 'asdasdasdasd', 1, '2023-12-20 13:29:02'),
(5, 1, 1, 1, 2, '    Description of Barter Items/Services: Each party shall clearly define the goods or services being exchanged, providing detailed descriptions and specifications to avoid any misunderstandings.\n\n    Valuation: Both parties agree on the fair market value', 'Coca-Cola Summer Vibes', 'Diamond Harbour', 'Embark on the Journey of Infinite Horizons with our campaign, \'BeyondBoundless.\' Immerse yourself in a world where possibilities know no limits, and aspirations soar higher than the sky. \'BeyondBoundless\' is not just a campaign; it\'s an invitation to break free from constraints and explore the uncharted territories of your dreams. Join us in redefining the limits of what\'s achievable, and let the spirit of boundless potential guide you towards a future filled with endless opportunities. Embrace the call of the unknown and step into a realm where the extraordinary awaits. \'BeyondBoundless\'  where your journey transcends the ordinary and embraces the extraordinary.', 'Embark on the Journey of Infinite Horizons with our campaign, \'BeyondBoundless.\' Immerse yourself in a world where possibilities know no limits, and aspirations soar higher than the sky. \'BeyondBoundless\' is not just a campaign; it\'s an invitation to brea', '2023-12-23 00:00:00', '2023-12-30 00:00:00', '2023-12-29 00:00:00', '2024-01-03 00:00:00', 1520000, 1, '    Scope of Collaboration: The collaborators agree to define the scope of the collaboration, specifying the objectives, deliverables, and milestones to be achieved collectively.\n\n    Responsibilities: Each party shall delineate their responsibilities and', 1, '2023-12-21 05:32:25'),
(6, 1, 1, 1, 2, '    Description of Barter Items/Services: Each party shall clearly define the goods or services being exchanged, providing detailed descriptions and specifications to avoid any misunderstandings.\n\n    Valuation: Both parties agree on the fair market value', 'Fizztastic Refreshment Rally', 'Asansol', 'Embark on the Journey of Infinite Horizons with our campaign, \'BeyondBoundless.\' Immerse yourself in a world where possibilities know no limits, and aspirations soar higher than the sky. \'BeyondBoundless\' is not just a campaign; it\'s an invitation to break free from constraints and explore the uncharted territories of your dreams. Join us in redefining the limits of what\'s achievable, and let the spirit of boundless potential guide you towards a future filled with endless opportunities. Embrace the call of the unknown and step into a realm where the extraordinary awaits. \'BeyondBoundless\'  where your journey transcends the ordinary and embraces the extraordinary.', 'Embark on the Journey of Infinite Horizons with our campaign, \'BeyondBoundless.\' Immerse yourself in a world where possibilities know no limits, and aspirations soar higher than the sky. \'BeyondBoundless\' is not just a campaign; it\'s an invitation to brea', '2023-12-23 00:00:00', '2024-01-06 00:00:00', '2024-01-03 00:00:00', '2024-01-05 00:00:00', 12345700, 1, '    Scope of Collaboration: The collaborators agree to define the scope of the collaboration, specifying the objectives, deliverables, and milestones to be achieved collectively.\n\n    Responsibilities: Each party shall delineate their responsibilities and', 0, '2023-12-21 06:32:01'),
(7, 1, 1, 1, 2, 'asdasd', 'asd', 'Budge Budge', 'asd', 'asd', '2023-12-22 00:00:00', '2024-01-06 00:00:00', '2024-01-02 00:00:00', '2024-01-05 00:00:00', 124214, 1, 'ad', 1, '2023-12-21 07:52:50'),
(8, 1, 1, 1, 2, 'asdasdasdasd', 'Channel Beauty Mature Forum', 'Dowlaiswaram', 'asd', 'asd', '2023-12-29 00:00:00', '2023-12-30 00:00:00', '2023-12-22 00:00:00', '2024-01-06 00:00:00', 213123, 1, 'afdfgadgf', 1, '2023-12-21 10:48:21'),
(9, 1, 2, 1, 2, '    Exchange of Goods/Services: The parties involved agree to exchange specified goods or services as outlined in the barter agreement.\n\n    Valuation and Fair Exchange: Both parties will agree on the fair market value of the goods or services being excha', 'Galaxy Unleashed', 'Barrackpore', 'At Samsung, we\'re not just in the business of making mobile devices; we\'re in the business of crafting experiences that seamlessly integrate into the rhythm of your life. Our commitment to innovation goes beyond the ordinary  it\'s about redefining the way you connect, create, and communicate. With a rich heritage of pushing technological boundaries, each Samsung mobile device is a testament to our dedication to excellence. From the sleek design to the cutting-edge features, we strive to elevate your mobile experience to new heights. Whether it\'s capturing life\'s moments with breathtaking clarity, staying productive on the go, or immersing yourself in entertainment like never before, Samsung is here to empower you. Join us in exploring the endless possibilities that our mobile devices bring to the palm of your hand  because at Samsung, we believe that technology should enhance your life, simplify your tasks, and inspire your creativity. Welcome to a world where innovation meets intuition, where your mobile device isn\'t just a tool, but a companion on your journey. Welcome to Samsung.', 'Step into a world of limitless possibilities with Samsung\'s latest mobile innovation  the Galaxy Unleashed series. This campaign invites you to experience a new era of connectivity, creativity, and convenience. Unleash the power of cutting-edge technolog', '2023-12-22 00:00:00', '2024-01-06 00:00:00', '2024-01-02 00:00:00', '2024-01-04 00:00:00', 120000000, 1, '    Mutual Promotion: Both parties agree to engage in mutual promotion efforts to maximize the visibility and success of the collaboration. This may include cross-promotional campaigns, joint marketing materials, and co-branded content.\n\n    Product Integ', 0, '2023-12-21 11:24:19'),
(11, 2, 1, 1, 1, 'Exclusive Coca-Cola merchandise for your creative promotion', 'CocaCola Refresh Revolution', 'Global', 'Embark on a journey into the refreshing world of Coca-Cola, experiencing the taste of joy and happiness with our iconic beverages. Join us in the CocaColaRefreshRevolution!', 'Indulge in the delightful world of Coca-Cola, where each sip is a celebration. Our beverages, ranging from classic to innovative flavors, are crafted to elevate your every moment.', '2023-03-31 16:00:00', '2023-04-14 16:00:00', '2023-04-09 16:00:00', '2023-04-11 16:00:00', 20000, 1, 'Capture the joy of Coca-Cola moments with creativity! Don\'t miss the chance to be a part of the refreshing movement.', 0, '2023-12-19 07:19:47'),
(12, 2, 1, 1, 1, 'Exclusive Boat merchandise for your creative promotion', 'Boat Vibes Unleashed', 'India', 'Dive into the world of Boat, where lifestyle meets technology in perfect harmony. Experience the unstoppable vibes with BoatVibesUnleashed!', 'Explore the latest in lifestyle and consumer electronics with Boat. From trendy earbuds to cutting-edge gadgets, our products redefine your tech experience.', '2023-04-30 16:00:00', '2023-05-14 16:00:00', '2023-05-09 16:00:00', '2023-05-11 16:00:00', 18000, 1, 'Infuse your content with BoatVibesUnleashed and let your creativity set sail. Join the community of Boat enthusiasts!', 0, '2023-12-19 07:32:04'),
(13, 2, 2, 2, 2, 'Fashion goodies in exchange for promotion', 'FashionGlam', 'Paris', 'Exciting fashion campaign for influencers!', 'Trendy fashion items for the style-conscious', '2023-02-28 16:00:00', '2023-03-14 16:00:00', '2023-03-09 16:00:00', '2023-03-11 16:00:00', 15000, 2, 'High-quality visuals and engaging captions are a must!', 0, '2023-12-19 06:58:17'),
(14, 1, 2, 1, 2, 'We will give a headphones', 'Hmmer is the new killer', 'Chandernagore', 'Hammer Headphones and other things.....', 'Headphones are premium segment ', '2024-01-19 00:00:00', '2024-01-28 00:00:00', '2024-01-21 00:00:00', '2024-01-28 00:00:00', 120000, 1, 'U need to do that campaign solo on feacebook', 0, '2024-01-09 07:02:25');

-- --------------------------------------------------------

--
-- Table structure for table `campaign_application`
--

CREATE TABLE `campaign_application` (
  `campaign_applied_id` int NOT NULL,
  `influencer_id` int DEFAULT NULL,
  `campaign_id` int DEFAULT NULL,
  `application_status_id` int DEFAULT NULL,
  `campaign_status_id` int DEFAULT NULL,
  `campaign_application_content_status` tinyint DEFAULT NULL,
  `delete_flag` tinyint DEFAULT '0',
  `createdAt` datetime NOT NULL
) ENGINE=InnoDB DEFAULT CHARSET=utf8mb4 COLLATE=utf8mb4_unicode_ci;

--
-- Dumping data for table `campaign_application`
--

INSERT INTO `campaign_application` (`campaign_applied_id`, `influencer_id`, `campaign_id`, `application_status_id`, `campaign_status_id`, `campaign_application_content_status`, `delete_flag`, `createdAt`) VALUES
(1, 1, 13, 1, 2, -1, 1, '2023-12-18 08:18:55'),
(2, 1, 11, 1, 2, NULL, 1, '2023-12-18 13:13:04'),
(3, 1, 13, 1, 2, NULL, 1, '2023-12-18 14:08:19'),
(4, 1, 12, 1, 1, NULL, 1, '2023-12-19 05:54:41'),
(5, 1, 11, 1, 1, NULL, 1, '2023-12-19 08:32:00'),
(6, 1, 12, 1, 1, NULL, 1, '2023-12-19 10:10:28'),
(7, 1, 11, 2, 1, 1, 0, '2023-12-19 10:11:24'),
(8, 3, 11, 1, 1, NULL, 1, '2023-12-19 11:01:18'),
(9, 3, 12, 2, 1, NULL, 0, '2023-12-19 11:03:24'),
(10, 3, 13, 1, 2, NULL, 1, '2023-12-19 11:33:51'),
(11, 1, 12, 1, 1, NULL, 1, '2023-12-20 06:29:35'),
(12, 5, 6, 2, 1, -1, 0, '2023-12-21 06:34:09'),
(13, 5, 9, 2, 1, 1, 0, '2023-12-21 11:34:42'),
(14, 7, 13, 2, 2, -1, 0, '2023-12-29 11:00:49'),
(15, 9, 13, 1, 2, NULL, 0, '2024-01-04 08:04:47'),
(16, 7, 12, 1, 1, NULL, 0, '2024-01-04 08:20:28'),
(17, 13, 6, 1, 1, NULL, 0, '2024-01-04 10:01:20'),
(18, 1, 13, 1, 2, NULL, 1, '2024-01-04 14:32:51'),
(19, 1, 9, 2, 1, 1, 0, '2024-01-08 12:29:47'),
(20, 15, 14, 1, 1, NULL, 0, '2024-01-11 23:36:14'),
(21, 15, 14, 1, 1, NULL, 0, '2024-01-11 23:36:14'),
(22, 15, 9, 1, 1, NULL, 0, '2024-01-11 23:49:02'),
(23, 15, 12, 1, 1, NULL, 0, '2024-01-12 06:02:43'),
(24, 1, 12, 1, 1, NULL, 1, '2024-01-12 13:04:28'),
(25, 19, 14, 2, 1, NULL, 0, '2024-01-16 14:23:15'),
(26, 19, 12, 1, 1, NULL, 0, '2024-01-16 14:26:41'),
(27, 19, 12, 1, 1, NULL, 0, '2024-01-16 14:26:42'),
(28, 19, 11, 1, 1, NULL, 0, '2024-01-16 15:13:36'),
(29, 19, 13, 1, 2, NULL, 0, '2024-01-16 15:13:46'),
(30, 19, 9, 1, 1, NULL, 0, '2024-01-16 15:14:01'),
(31, 19, 9, 1, 1, NULL, 0, '2024-01-16 15:14:04'),
(32, 15, 13, 1, 2, NULL, 0, '2024-03-26 01:34:31'),
(33, 15, 13, 1, 2, NULL, 0, '2024-03-26 01:34:32'),
(34, 1, 12, 1, 1, NULL, 0, '2024-04-18 06:46:43');

-- --------------------------------------------------------

--
-- Table structure for table `campaign_application_content`
--

CREATE TABLE `campaign_application_content` (
  `campaign_application_content_id` int NOT NULL,
  `campaign_applied_id` int DEFAULT NULL,
  `link` varchar(255) COLLATE utf8mb4_unicode_ci DEFAULT NULL,
  `delete_flag` tinyint DEFAULT '0',
  `createdAt` datetime NOT NULL
) ENGINE=InnoDB DEFAULT CHARSET=utf8mb4 COLLATE=utf8mb4_unicode_ci;

--
-- Dumping data for table `campaign_application_content`
--

INSERT INTO `campaign_application_content` (`campaign_application_content_id`, `campaign_applied_id`, `link`, `delete_flag`, `createdAt`) VALUES
(1, 7, 'https://api.republicofinfluencers.in/uploads/1703848529593-372294605.jpg', 0, '2023-12-29 11:15:29'),
(2, 7, 'https://api.republicofinfluencers.in/uploads/1703848529595-673728484.jpg', 0, '2023-12-29 11:15:29'),
(3, 7, 'https://api.republicofinfluencers.in/uploads/1703848529598-495015926.jpg', 0, '2023-12-29 11:15:29'),
(4, 7, '', 0, '2023-12-29 11:15:29'),
(5, 13, 'https://api.republicofinfluencers.in/uploads/1704694093997-237110434.jpg', 0, '2024-01-08 06:08:14'),
(6, 13, 'https://api.republicofinfluencers.in/uploads/1704694093998-850418784.jpg', 0, '2024-01-08 06:08:14'),
(7, 13, 'https://api.republicofinfluencers.in/uploads/1704694094000-52658428.jpg', 0, '2024-01-08 06:08:14'),
(8, 13, '', 0, '2024-01-08 06:08:14'),
(9, 13, 'https://drive.google.com/file/d/1OIAxCyGsnCVXh2JZ_UMCRoWXkBD_Rj_C/view?usp=drivesdk', 0, '2024-01-08 12:26:51'),
(10, 13, '', 0, '2024-01-08 12:26:51'),
(11, 19, 'https://api.republicofinfluencers.in/uploads/1704717153739-845409170.pdf', 0, '2024-01-08 12:32:33'),
(12, 19, 'https://api.republicofinfluencers.in/uploads/1704717153739-94836769.jpg', 0, '2024-01-08 12:32:33'),
(13, 19, 'https://api.republicofinfluencers.in/uploads/1704717153740-998009592.jpg', 0, '2024-01-08 12:32:33'),
(14, 19, '', 0, '2024-01-08 12:32:33'),
(15, 19, 'https://api.republicofinfluencers.in/uploads/1704717192980-770176546.pdf', 0, '2024-01-08 12:33:12'),
(16, 19, 'https://api.republicofinfluencers.in/uploads/1704717192982-641406976.jpg', 0, '2024-01-08 12:33:12'),
(17, 19, 'https://api.republicofinfluencers.in/uploads/1704717192981-817634454.jpg', 0, '2024-01-08 12:33:12'),
(18, 19, 'likhggghj', 0, '2024-01-08 12:33:12'),
(19, 7, 'https://api.republicofinfluencers.in/uploads/1705305484590-613599449.jpg', 0, '2024-01-15 07:58:04'),
(21, 7, 'https://api.republicofinfluencers.in/uploads/1705311678225-479275439.jpg', 0, '2024-01-15 09:41:18'),
(22, 7, '', 0, '2024-01-15 09:41:18'),
(23, 14, 'https://api.republicofinfluencers.in/uploads/1710947829505-525124665.jpg', 0, '2024-03-20 15:17:09'),
(24, 14, 'gf', 0, '2024-03-20 15:17:09'),
(25, 14, 'ff', 0, '2024-03-20 15:17:09'),
(26, 14, 'f', 0, '2024-03-20 15:17:09'),
(27, 14, 'ff', 0, '2024-03-20 15:17:09'),
(28, 14, 'vc', 0, '2024-03-20 15:17:09'),
(29, 14, 'gg', 0, '2024-03-20 15:17:09');

-- --------------------------------------------------------

--
-- Table structure for table `campaign_application_link`
--

CREATE TABLE `campaign_application_link` (
  `campaign_application_link_id` int NOT NULL,
  `campaign_applied_id` int DEFAULT NULL,
  `link` varchar(255) COLLATE utf8mb4_unicode_ci DEFAULT NULL,
  `delete_flag` tinyint DEFAULT '0',
  `createdAt` datetime NOT NULL
) ENGINE=InnoDB DEFAULT CHARSET=utf8mb4 COLLATE=utf8mb4_unicode_ci;

-- --------------------------------------------------------

--
-- Table structure for table `campaign_budget`
--

CREATE TABLE `campaign_budget` (
  `campaign_budget_id` int NOT NULL,
  `budget_range` int DEFAULT NULL,
  `delete_flag` tinyint DEFAULT '0',
  `createdAt` datetime NOT NULL
) ENGINE=InnoDB DEFAULT CHARSET=utf8mb4 COLLATE=utf8mb4_unicode_ci;

-- --------------------------------------------------------

--
-- Table structure for table `campaign_content_niche`
--

CREATE TABLE `campaign_content_niche` (
  `campaign_content_niche_id` int NOT NULL,
  `campaign_id` int DEFAULT NULL,
  `content_niche_id` int DEFAULT NULL,
  `delete_flag` tinyint DEFAULT '0',
  `createdAt` datetime NOT NULL
) ENGINE=InnoDB DEFAULT CHARSET=utf8mb4 COLLATE=utf8mb4_unicode_ci;

--
-- Dumping data for table `campaign_content_niche`
--

INSERT INTO `campaign_content_niche` (`campaign_content_niche_id`, `campaign_id`, `content_niche_id`, `delete_flag`, `createdAt`) VALUES
(1, 13, 1, 0, '2023-12-19 06:58:18'),
(2, 13, 2, 0, '2023-12-19 06:58:18'),
(3, 13, 4, 0, '2023-12-19 06:58:18'),
(4, 11, 5, 0, '2023-12-19 07:19:47'),
(5, 11, 6, 0, '2023-12-19 07:19:47'),
(6, 12, 2, 0, '2023-12-19 07:32:04'),
(7, 12, 5, 0, '2023-12-19 07:32:04'),
(8, 6, 8, 0, '2023-12-21 06:32:01'),
(9, 6, 9, 0, '2023-12-21 06:32:01'),
(10, 6, 4, 0, '2023-12-21 06:32:01'),
(11, 8, 2, 0, '2023-12-21 10:48:21'),
(12, 8, 5, 0, '2023-12-21 10:48:21'),
(13, 8, 1, 0, '2023-12-21 10:48:21'),
(14, 9, 4, 0, '2023-12-21 11:24:19'),
(15, 9, 5, 0, '2023-12-21 11:24:19'),
(16, 9, 9, 0, '2023-12-21 11:24:19'),
(17, 14, 2, 0, '2024-01-09 07:02:25'),
(18, 14, 4, 0, '2024-01-09 07:02:25'),
(19, 14, 9, 0, '2024-01-09 07:02:25');

-- --------------------------------------------------------

--
-- Table structure for table `campaign_deliverables`
--

CREATE TABLE `campaign_deliverables` (
  `campaign_deliverables_id` int NOT NULL,
  `campaign_id` int DEFAULT NULL,
  `influencer_type_id` int DEFAULT NULL,
  `post` bigint DEFAULT '0',
  `story` bigint DEFAULT '0',
  `reels` bigint DEFAULT '0',
  `youtube` bigint DEFAULT '0',
  `delete_flag` tinyint DEFAULT '0',
  `createdAt` datetime NOT NULL
) ENGINE=InnoDB DEFAULT CHARSET=utf8mb4 COLLATE=utf8mb4_unicode_ci;

--
-- Dumping data for table `campaign_deliverables`
--

INSERT INTO `campaign_deliverables` (`campaign_deliverables_id`, `campaign_id`, `influencer_type_id`, `post`, `story`, `reels`, `youtube`, `delete_flag`, `createdAt`) VALUES
(1, 13, 2, 2, 3, 1, 3, 0, '2023-12-19 06:58:18'),
(2, 13, 3, 1, 2, 2, 1, 0, '2023-12-19 06:58:18'),
(3, 11, 1, 9531, 8246, 1073, 2849, 0, '2023-12-19 07:19:47'),
(4, 11, 2, 6072, 1359, 2178, 4893, 0, '2023-12-19 07:19:47'),
(5, 12, 1, 4562, 7891, 2310, 5874, 0, '2023-12-19 07:32:04'),
(6, 12, 2, 3124, 1598, 4092, 6947, 0, '2023-12-19 07:32:04'),
(7, 4, 2, 3, 4, 0, 4, 0, '2023-12-20 13:29:02'),
(8, 4, 1, 4, 4, 3, 3, 0, '2023-12-20 13:29:02'),
(9, 4, 3, 0, 2, 4, 0, 0, '2023-12-20 13:29:02'),
(10, 4, 4, 5, 4, 0, 4, 0, '2023-12-20 13:29:02'),
(11, 4, 5, 4, 5, 4, 0, 0, '2023-12-20 13:29:02'),
(12, 5, 2, 0, 3, 3, 0, 0, '2023-12-21 05:32:25'),
(13, 5, 1, 4, 3, 4, 2, 0, '2023-12-21 05:32:25'),
(14, 5, 3, 3, 3, 4, 3, 0, '2023-12-21 05:32:25'),
(15, 5, 4, 3, 2, 0, 3, 0, '2023-12-21 05:32:25'),
(16, 5, 5, 3, 3, 3, 3, 0, '2023-12-21 05:32:25'),
(17, 6, 1, 4, 0, 3, 0, 0, '2023-12-21 06:32:01'),
(18, 6, 2, 5, 4, 0, 4, 0, '2023-12-21 06:32:01'),
(19, 6, 3, 0, 3, 4, 0, 0, '2023-12-21 06:32:01'),
(20, 6, 4, 4, 0, 0, 4, 0, '2023-12-21 06:32:01'),
(21, 6, 5, 5, 4, 4, 0, 0, '2023-12-21 06:32:01'),
(22, 7, 1, 3, 0, 2, 0, 0, '2023-12-21 07:52:50'),
(23, 7, 2, 0, 3, 0, 0, 0, '2023-12-21 07:52:50'),
(24, 7, 3, 0, 0, 3, 0, 0, '2023-12-21 07:52:50'),
(25, 7, 4, 3, 0, 0, 0, 0, '2023-12-21 07:52:50'),
(26, 7, 5, 0, 0, 0, 4, 0, '2023-12-21 07:52:50'),
(27, 8, 1, 4, 5, 3, 3, 0, '2023-12-21 10:48:21'),
(28, 8, 2, 7, 0, 0, 3, 0, '2023-12-21 10:48:21'),
(29, 8, 3, 0, 5, 3, 2, 0, '2023-12-21 10:48:21'),
(30, 8, 4, 6, 0, 5, 0, 0, '2023-12-21 10:48:21'),
(31, 8, 5, 0, 4, 0, 4, 0, '2023-12-21 10:48:21'),
(32, 9, 1, 5, 0, 3, 3, 0, '2023-12-21 11:24:19'),
(33, 9, 2, 0, 3, 0, 4, 0, '2023-12-21 11:24:19'),
(34, 9, 3, 3, 0, 4, 4, 0, '2023-12-21 11:24:19'),
(35, 9, 4, 0, 4, 2, 4, 0, '2023-12-21 11:24:19'),
(36, 9, 5, 2, 3, 0, 2, 0, '2023-12-21 11:24:19'),
(37, 14, 2, 3, 4, 3, 4, 0, '2024-01-09 07:02:25'),
(38, 14, 1, 3, 3, 4, 3, 0, '2024-01-09 07:02:25'),
(39, 14, 3, 3, 4, 3, 3, 0, '2024-01-09 07:02:25'),
(40, 14, 4, 4, 3, 4, 3, 0, '2024-01-09 07:02:25'),
(41, 14, 5, 3, 3, 4, 3, 0, '2024-01-09 07:02:25');

-- --------------------------------------------------------

--
-- Table structure for table `campaign_goal`
--

CREATE TABLE `campaign_goal` (
  `campaign_goal_id` int NOT NULL,
  `goal_name` varchar(255) COLLATE utf8mb4_unicode_ci DEFAULT NULL,
  `goal_desc` varchar(255) COLLATE utf8mb4_unicode_ci DEFAULT 'NONE',
  `delete_flag` tinyint DEFAULT '0',
  `createdAt` datetime NOT NULL
) ENGINE=InnoDB DEFAULT CHARSET=utf8mb4 COLLATE=utf8mb4_unicode_ci;

--
-- Dumping data for table `campaign_goal`
--

INSERT INTO `campaign_goal` (`campaign_goal_id`, `goal_name`, `goal_desc`, `delete_flag`, `createdAt`) VALUES
(1, 'Brand Awareness', '', 0, '2023-08-30 16:51:48'),
(2, 'Engagement', '', 0, '2023-08-31 14:18:52'),
(3, 'Conversion', '', 0, '2023-08-31 14:20:42');

-- --------------------------------------------------------

--
-- Table structure for table `campaign_images`
--

CREATE TABLE `campaign_images` (
  `campaign_images_id` int NOT NULL,
  `campaign_id` int DEFAULT NULL,
  `image_link` varchar(255) COLLATE utf8mb4_unicode_ci DEFAULT NULL,
  `delete_flag` tinyint DEFAULT '0',
  `createdAt` datetime NOT NULL
) ENGINE=InnoDB DEFAULT CHARSET=utf8mb4 COLLATE=utf8mb4_unicode_ci;

--
-- Dumping data for table `campaign_images`
--

INSERT INTO `campaign_images` (`campaign_images_id`, `campaign_id`, `image_link`, `delete_flag`, `createdAt`) VALUES
(1, 13, 'https://api.republicofinfluencers.in/uploads/1702969097998-769561020.png', 0, '2023-12-19 06:58:17'),
(2, 13, 'https://api.republicofinfluencers.in/uploads/1702969097998-934421776.png', 0, '2023-12-19 06:58:17'),
(9, 12, 'https://api.republicofinfluencers.in/uploads/1702971124363-777773549.png', 0, '2023-12-19 07:32:04'),
(10, 11, 'https://api.republicofinfluencers.in/uploads/1702970387918-449368842.png', 0, '2023-12-19 07:19:47'),
(11, 4, 'https://api.republicofinfluencers.in/uploads/1703078942607-248064184.png', 0, '2023-12-20 13:29:02'),
(12, 4, 'https://api.republicofinfluencers.in/uploads/1703078942608-473298654.png', 0, '2023-12-20 13:29:02'),
(13, 5, 'https://api.republicofinfluencers.in/uploads/1703136745387-349688645.png', 0, '2023-12-21 05:32:25'),
(14, 5, 'https://api.republicofinfluencers.in/uploads/1703136745390-667030187.png', 0, '2023-12-21 05:32:25'),
(15, 5, 'https://api.republicofinfluencers.in/uploads/1703136745390-638676204.png', 0, '2023-12-21 05:32:25'),
(16, 5, 'https://api.republicofinfluencers.in/uploads/1703136745393-521897978.png', 0, '2023-12-21 05:32:25'),
(17, 6, 'https://api.republicofinfluencers.in/uploads/1703140321230-313044757.png', 0, '2023-12-21 06:32:01'),
(18, 6, 'https://api.republicofinfluencers.in/uploads/1703140321231-557098707.png', 0, '2023-12-21 06:32:01'),
(19, 6, 'https://api.republicofinfluencers.in/uploads/1703140321232-665618116.png', 0, '2023-12-21 06:32:01'),
(20, 6, 'https://api.republicofinfluencers.in/uploads/1703140321234-788524738.png', 0, '2023-12-21 06:32:01'),
(21, 7, 'https://api.republicofinfluencers.in/uploads/1703145170726-527318198.png', 0, '2023-12-21 07:52:50'),
(22, 7, 'https://api.republicofinfluencers.in/uploads/1703145170727-929473858.png', 0, '2023-12-21 07:52:50'),
(23, 8, 'https://api.republicofinfluencers.in/uploads/1703155701411-843811675.png', 0, '2023-12-21 10:48:21'),
(24, 8, 'https://api.republicofinfluencers.in/uploads/1703155701411-791820556.png', 0, '2023-12-21 10:48:21'),
(25, 9, 'https://api.republicofinfluencers.in/uploads/1703157859159-801891959.png', 0, '2023-12-21 11:24:19'),
(26, 9, 'https://api.republicofinfluencers.in/uploads/1703157859161-240658497.png', 0, '2023-12-21 11:24:19'),
(27, 9, 'https://api.republicofinfluencers.in/uploads/1703157859162-36000368.png', 0, '2023-12-21 11:24:19'),
(28, 11, 'https://api.republicofinfluencers.in/uploads/1702970387919-871229694.png', 0, '2023-12-19 07:19:47'),
(29, 12, 'https://api.republicofinfluencers.in/uploads/1702971124365-574295673.png', 0, '2023-12-20 18:33:19'),
(30, 14, 'https://api.republicofinfluencers.in/uploads/1704783745338-368551694.png', 0, '2024-01-09 07:02:25'),
(31, 14, 'https://api.republicofinfluencers.in/uploads/1704783745340-324834868.png', 0, '2024-01-09 07:02:25'),
(32, 14, 'https://api.republicofinfluencers.in/uploads/1704783745339-321744624.png', 0, '2024-01-09 07:02:25');

-- --------------------------------------------------------

--
-- Table structure for table `campaign_language`
--

CREATE TABLE `campaign_language` (
  `campaign_language_id` int NOT NULL,
  `language_id` int DEFAULT NULL,
  `campaign_id` int DEFAULT NULL,
  `delete_flag` tinyint DEFAULT '0',
  `createdAt` datetime NOT NULL
) ENGINE=InnoDB DEFAULT CHARSET=utf8mb4 COLLATE=utf8mb4_unicode_ci;

--
-- Dumping data for table `campaign_language`
--

INSERT INTO `campaign_language` (`campaign_language_id`, `language_id`, `campaign_id`, `delete_flag`, `createdAt`) VALUES
(1, 1, 13, 0, '2023-12-19 06:58:18'),
(2, 2, 13, 0, '2023-12-19 06:58:18'),
(3, 1, 11, 0, '2023-12-19 07:19:47'),
(4, 3, 11, 0, '2023-12-19 07:19:47'),
(5, 2, 12, 0, '2023-12-19 07:32:04'),
(6, 3, 12, 0, '2023-12-19 07:32:04'),
(7, 8, 4, 0, '2023-12-20 13:29:02'),
(8, 3, 4, 0, '2023-12-20 13:29:02'),
(9, 2, 5, 0, '2023-12-21 05:32:25'),
(10, 1, 5, 0, '2023-12-21 05:32:25'),
(11, 5, 5, 0, '2023-12-21 05:32:25'),
(12, 3, 6, 0, '2023-12-21 06:32:01'),
(13, 1, 6, 0, '2023-12-21 06:32:01'),
(14, 2, 6, 0, '2023-12-21 06:32:01'),
(15, 9, 7, 0, '2023-12-21 07:52:50'),
(16, 3, 8, 0, '2023-12-21 10:48:21'),
(17, 8, 8, 0, '2023-12-21 10:48:21'),
(18, 1, 9, 0, '2023-12-21 11:24:19'),
(19, 3, 9, 0, '2023-12-21 11:24:19'),
(20, 5, 9, 0, '2023-12-21 11:24:19'),
(21, 7, 9, 0, '2023-12-21 11:24:19'),
(22, 5, 14, 0, '2024-01-09 07:02:25'),
(23, 2, 14, 0, '2024-01-09 07:02:25'),
(24, 8, 14, 0, '2024-01-09 07:02:25');

-- --------------------------------------------------------

--
-- Table structure for table `campaign_number_of_influencers`
--

CREATE TABLE `campaign_number_of_influencers` (
  `campaign_number_of_influencers_id` int NOT NULL,
  `campaign_id` int DEFAULT NULL,
  `nano` int DEFAULT NULL,
  `micro` int DEFAULT NULL,
  `macro` int DEFAULT NULL,
  `mega` int DEFAULT NULL,
  `celeb` int DEFAULT NULL,
  `delete_flag` tinyint DEFAULT '0',
  `createdAt` datetime NOT NULL
) ENGINE=InnoDB DEFAULT CHARSET=utf8mb4 COLLATE=utf8mb4_unicode_ci;

--
-- Dumping data for table `campaign_number_of_influencers`
--

INSERT INTO `campaign_number_of_influencers` (`campaign_number_of_influencers_id`, `campaign_id`, `nano`, `micro`, `macro`, `mega`, `celeb`, `delete_flag`, `createdAt`) VALUES
(1, 13, 3, 2, 4, 3, 2, 0, '2023-12-19 06:58:18'),
(2, 11, 2, 3, 5, 4, 1, 0, '2023-12-19 07:19:47'),
(3, 12, 3, 2, 4, 5, 2, 0, '2023-12-19 07:32:04'),
(4, 4, 3, 3, 3, 3, 3, 0, '2023-12-20 13:29:02'),
(5, 5, 3, 3, 4, 2, 4, 0, '2023-12-21 05:32:25'),
(6, 6, 4, 3, 2, 3, 6, 0, '2023-12-21 06:32:01'),
(7, 7, 2, 2, 3, 3, 0, 0, '2023-12-21 07:52:50'),
(8, 8, 3, 3, 4, 6, 3, 0, '2023-12-21 10:48:21'),
(9, 9, 3, 4, 4, 3, 4, 0, '2023-12-21 11:24:19'),
(10, 14, 4, 3, 3, 2, 2, 0, '2024-01-09 07:02:25');

-- --------------------------------------------------------

--
-- Table structure for table `campaign_payment_type`
--

CREATE TABLE `campaign_payment_type` (
  `campaign_payment_type_id` int NOT NULL,
  `name` varchar(255) COLLATE utf8mb4_unicode_ci NOT NULL,
  `campaign_delete` tinyint DEFAULT '0',
  `createdAt` datetime NOT NULL
) ENGINE=InnoDB DEFAULT CHARSET=utf8mb4 COLLATE=utf8mb4_unicode_ci;

--
-- Dumping data for table `campaign_payment_type`
--

INSERT INTO `campaign_payment_type` (`campaign_payment_type_id`, `name`, `campaign_delete`, `createdAt`) VALUES
(1, 'Paid', 0, '2023-08-02 05:58:09'),
(2, 'Barter', 0, '2023-08-28 06:38:14');

-- --------------------------------------------------------

--
-- Table structure for table `campaign_platform`
--

CREATE TABLE `campaign_platform` (
  `campaign_platform_id` int NOT NULL,
  `platform_id` int DEFAULT NULL,
  `campaign_id` int DEFAULT NULL,
  `delete_flag` tinyint DEFAULT '0',
  `createdAt` datetime NOT NULL
) ENGINE=InnoDB DEFAULT CHARSET=utf8mb4 COLLATE=utf8mb4_unicode_ci;

--
-- Dumping data for table `campaign_platform`
--

INSERT INTO `campaign_platform` (`campaign_platform_id`, `platform_id`, `campaign_id`, `delete_flag`, `createdAt`) VALUES
(34, 2, 11, 0, '2023-12-19 06:51:03'),
(35, 1, 13, 0, '2023-12-19 06:58:18'),
(36, 2, 13, 0, '2023-12-19 06:58:18'),
(37, 3, 11, 0, '2023-12-19 07:19:47'),
(39, 1, 12, 0, '2023-12-19 07:32:04'),
(40, 3, 12, 0, '2023-12-19 07:32:04'),
(41, 1, 4, 0, '2023-12-20 13:29:02'),
(42, 3, 4, 0, '2023-12-20 13:29:02'),
(43, 3, 5, 0, '2023-12-21 05:32:25'),
(44, 2, 5, 0, '2023-12-21 05:32:25'),
(45, 1, 5, 0, '2023-12-21 05:32:25'),
(46, 1, 6, 0, '2023-12-21 06:32:01'),
(47, 2, 6, 0, '2023-12-21 06:32:01'),
(48, 3, 6, 0, '2023-12-21 06:32:01'),
(49, 1, 7, 0, '2023-12-21 07:52:50'),
(50, 2, 8, 0, '2023-12-21 10:48:21'),
(51, 2, 9, 0, '2023-12-21 11:24:19'),
(52, 1, 9, 0, '2023-12-21 11:24:19'),
(53, 3, 9, 0, '2023-12-21 11:24:19'),
(54, 2, 14, 0, '2024-01-09 07:02:25'),
(55, 1, 14, 0, '2024-01-09 07:02:25'),
(56, 3, 14, 0, '2024-01-09 07:02:25');

-- --------------------------------------------------------

--
-- Table structure for table `campaign_status`
--

CREATE TABLE `campaign_status` (
  `campaign_status_id` int NOT NULL,
  `campaign_status_name` varchar(255) COLLATE utf8mb4_unicode_ci NOT NULL,
  `delete_flag` tinyint DEFAULT '0',
  `createdAt` datetime NOT NULL
) ENGINE=InnoDB DEFAULT CHARSET=utf8mb4 COLLATE=utf8mb4_unicode_ci;

--
-- Dumping data for table `campaign_status`
--

INSERT INTO `campaign_status` (`campaign_status_id`, `campaign_status_name`, `delete_flag`, `createdAt`) VALUES
(1, 'live', 0, '2023-08-02 06:04:42'),
(2, 'Close', 0, '2023-08-02 06:04:42');

-- --------------------------------------------------------

--
-- Table structure for table `campaign_target_adience_age_group`
--

CREATE TABLE `campaign_target_adience_age_group` (
  `campaign_target_adience_age_group_id` int NOT NULL,
  `campaign_id` int DEFAULT NULL,
  `target_adience_age_group_id` int DEFAULT NULL,
  `delete_flag` tinyint DEFAULT '0',
  `createdAt` datetime NOT NULL
) ENGINE=InnoDB DEFAULT CHARSET=utf8mb4 COLLATE=utf8mb4_unicode_ci;

--
-- Dumping data for table `campaign_target_adience_age_group`
--

INSERT INTO `campaign_target_adience_age_group` (`campaign_target_adience_age_group_id`, `campaign_id`, `target_adience_age_group_id`, `delete_flag`, `createdAt`) VALUES
(2, 13, 2, 0, '2023-12-19 06:58:18'),
(3, 11, 1, 0, '2023-12-19 07:19:47'),
(4, 11, 2, 0, '2023-12-19 07:19:47'),
(5, 12, 2, 0, '2023-12-19 07:32:04'),
(7, 4, 1, 0, '2023-12-20 13:29:02'),
(8, 4, 2, 0, '2023-12-20 13:29:02'),
(9, 5, NULL, 0, '2023-12-21 05:32:25'),
(10, 6, NULL, 0, '2023-12-21 06:32:01'),
(11, 6, NULL, 0, '2023-12-21 06:32:01'),
(12, 7, NULL, 0, '2023-12-21 07:52:50'),
(13, 7, NULL, 0, '2023-12-21 07:52:50'),
(14, 8, 1, 0, '2023-12-21 10:48:21'),
(15, 8, 2, 0, '2023-12-21 10:48:21'),
(16, 9, 1, 0, '2023-12-21 11:24:19'),
(17, 9, 2, 0, '2023-12-21 11:24:19'),
(18, 14, 1, 0, '2024-01-09 07:02:25'),
(19, 14, 2, 0, '2024-01-09 07:02:25');

-- --------------------------------------------------------

--
-- Table structure for table `campaign_target_audience_gender`
--

CREATE TABLE `campaign_target_audience_gender` (
  `campaign_target_audience_gender_id` int NOT NULL,
  `campaign_id` int DEFAULT NULL,
  `target_audience_gender_id` int DEFAULT NULL,
  `delete_flag` tinyint DEFAULT '0',
  `createdAt` datetime NOT NULL
) ENGINE=InnoDB DEFAULT CHARSET=utf8mb4 COLLATE=utf8mb4_unicode_ci;

--
-- Dumping data for table `campaign_target_audience_gender`
--

INSERT INTO `campaign_target_audience_gender` (`campaign_target_audience_gender_id`, `campaign_id`, `target_audience_gender_id`, `delete_flag`, `createdAt`) VALUES
(1, 13, 1, 0, '2023-12-19 06:58:18'),
(2, 13, 2, 0, '2023-12-19 06:58:18'),
(3, 11, 1, 0, '2023-12-19 07:19:47'),
(4, 11, 2, 0, '2023-12-19 07:19:47'),
(5, 12, 1, 0, '2023-12-19 07:32:04'),
(6, 12, 2, 0, '2023-12-19 07:32:04'),
(7, 4, 1, 0, '2023-12-20 13:29:02'),
(8, 4, 2, 0, '2023-12-20 13:29:02'),
(9, 5, NULL, 0, '2023-12-21 05:32:25'),
(10, 6, NULL, 0, '2023-12-21 06:32:01'),
(11, 6, NULL, 0, '2023-12-21 06:32:01'),
(12, 7, NULL, 0, '2023-12-21 07:52:50'),
(13, 7, NULL, 0, '2023-12-21 07:52:50'),
(14, 8, 1, 0, '2023-12-21 10:48:21'),
(15, 8, 2, 0, '2023-12-21 10:48:21'),
(16, 9, 1, 0, '2023-12-21 11:24:19'),
(17, 9, 2, 0, '2023-12-21 11:24:19'),
(18, 14, 2, 0, '2024-01-09 07:02:25'),
(19, 14, 1, 0, '2024-01-09 07:02:25');

-- --------------------------------------------------------

--
-- Table structure for table `city`
--

CREATE TABLE `city` (
  `city_id` int NOT NULL,
  `state_id` int DEFAULT NULL,
  `city_name` varchar(255) COLLATE utf8mb4_unicode_ci NOT NULL,
  `delete_flag` tinyint DEFAULT '0',
  `createdAt` datetime NOT NULL
) ENGINE=InnoDB DEFAULT CHARSET=utf8mb4 COLLATE=utf8mb4_unicode_ci;

--
-- Dumping data for table `city`
--

INSERT INTO `city` (`city_id`, `state_id`, `city_name`, `delete_flag`, `createdAt`) VALUES
(4, 5, 'Adoni', 0, '2023-12-20 13:38:38'),
(5, 5, 'Amaravati', 0, '2023-12-20 13:38:38'),
(6, 5, 'Anantapur', 0, '2023-12-20 13:38:38'),
(7, 5, 'Chandragiri', 0, '2023-12-20 13:38:38'),
(8, 5, 'Chittoor', 0, '2023-12-20 13:38:38'),
(9, 5, 'Dowlaiswaram', 0, '2023-12-20 13:38:38'),
(10, 5, 'Machilipatnam', 0, '2023-12-20 13:38:38'),
(11, 5, 'Tirupati', 0, '2023-12-20 13:38:38'),
(12, 5, 'Vijayawada', 0, '2023-12-20 13:38:38'),
(13, 5, 'Visakhapatnam', 0, '2023-12-20 13:38:38'),
(14, 1, 'Alipore', 0, '2023-12-20 13:42:00'),
(15, 1, 'Asansol', 0, '2023-12-20 13:42:00'),
(16, 1, 'Balurghat', 0, '2023-12-20 13:42:00'),
(17, 1, 'Barrackpore', 0, '2023-12-20 13:42:00'),
(18, 1, 'Budge Budge', 0, '2023-12-20 13:42:00'),
(19, 1, 'Chandernagore', 0, '2023-12-20 13:42:00'),
(20, 1, 'Diamond Harbour', 0, '2023-12-20 13:42:00'),
(21, 1, 'Dum Dum', 0, '2023-12-20 13:42:00'),
(22, 1, 'Durgapur', 0, '2023-12-20 13:42:00'),
(23, 1, 'Kolkata', 0, '2023-12-20 13:42:00'),
(24, 1, 'Krishnanagar', 0, '2023-12-20 13:42:00'),
(25, 1, 'Midnapore', 0, '2023-12-20 13:42:00'),
(26, 1, 'Purulia', 0, '2023-12-20 13:42:00'),
(27, 1, 'Shrirampur', 0, '2023-12-20 13:42:00'),
(28, 1, 'Siliguri', 0, '2023-12-20 13:42:00');

-- --------------------------------------------------------

--
-- Table structure for table `comments`
--

CREATE TABLE `comments` (
  `comment_id` int NOT NULL,
  `campaign_applied_id` int DEFAULT NULL,
  `influencer_id` int DEFAULT NULL,
  `brand_id` int DEFAULT NULL,
  `sender_type` varchar(5) COLLATE utf8mb4_unicode_ci DEFAULT NULL,
  `comment_text` varchar(255) COLLATE utf8mb4_unicode_ci DEFAULT NULL,
  `comment_file` text COLLATE utf8mb4_unicode_ci,
  `note_type` tinyint DEFAULT '0',
  `file_type` varchar(20) COLLATE utf8mb4_unicode_ci DEFAULT NULL,
  `delete_flag` tinyint DEFAULT '0',
  `createdAt` datetime NOT NULL
) ENGINE=InnoDB DEFAULT CHARSET=utf8mb4 COLLATE=utf8mb4_unicode_ci;

--
-- Dumping data for table `comments`
--

INSERT INTO `comments` (`comment_id`, `campaign_applied_id`, `influencer_id`, `brand_id`, `sender_type`, `comment_text`, `comment_file`, `note_type`, `file_type`, `delete_flag`, `createdAt`) VALUES
(20, 12, 5, 1, 'BRAND', 'Hello abhik can i talk to u ?', '', 1, 'image', 0, '2023-12-21 06:34:29'),
(21, 12, 5, 1, 'INF', 'kaise ho ? ', '', 0, 'image', 0, '2023-12-21 06:36:31'),
(22, 12, 5, 1, 'BRAND', 'bhut achha app bataiyye', '', 0, 'image', 0, '2023-12-21 06:36:45'),
(31, 9, 3, 2, 'INF', 'Hello', '', 0, 'image', 0, '2023-12-28 07:02:57'),
(32, 9, 3, 2, 'BRAND', 'Hi Sheikh Zaheer', '', 0, 'image', 0, '2023-12-28 07:03:16'),
(33, 9, 3, 2, 'BRAND', '', 'https://api.republicofinfluencers.in/uploads/1703747036030-909705016.', 0, 'image', 0, '2023-12-28 07:03:56'),
(35, 9, 3, 2, 'INF', '', 'https://api.republicofinfluencers.in/uploads/1703747118491-561110909.pdf', 0, 'pdf', 0, '2023-12-28 07:05:18'),
(37, 9, 3, 2, 'INF', '', 'https://api.republicofinfluencers.in/uploads/1703747224043-257857145.', 0, 'image', 0, '2023-12-28 07:07:04'),
(38, 14, 7, 2, 'INF', 'hii', '', 0, 'image', 0, '2023-12-29 11:02:19'),
(39, 7, 1, 2, 'INF', 'Hi sir ', '', 0, 'image', 0, '2023-12-30 11:04:07'),
(41, 7, 1, 2, 'BRAND', 'Hello Sheikh Zaheer', '', 0, 'image', 0, '2023-12-30 11:05:15'),
(42, 7, 1, 2, 'BRAND', 'Uploaded some content just check it out', '', 0, 'image', 0, '2023-12-30 11:08:17'),
(43, 14, 7, 2, 'INF', 'hi', '', 0, 'image', 0, '2024-01-12 07:26:02'),
(44, 25, 19, 1, 'BRAND', 'Hello', '', 1, 'image', 0, '2024-01-27 07:24:57'),
(45, 7, 1, 2, 'INF', 'hir', '', 0, 'image', 0, '2024-04-18 06:48:29');

-- --------------------------------------------------------

--
-- Table structure for table `configuration`
--

CREATE TABLE `configuration` (
  `configuration_id` int NOT NULL,
  `config_name` varchar(255) COLLATE utf8mb4_unicode_ci NOT NULL,
  `config_value` float DEFAULT '0',
  `config_flag` tinyint DEFAULT '0',
  `createdAt` datetime NOT NULL
) ENGINE=InnoDB DEFAULT CHARSET=utf8mb4 COLLATE=utf8mb4_unicode_ci;

-- --------------------------------------------------------

--
-- Table structure for table `content_niche`
--

CREATE TABLE `content_niche` (
  `content_niche_id` int NOT NULL,
  `content_niche_name` varchar(255) COLLATE utf8mb4_unicode_ci NOT NULL,
  `image_link` varchar(255) COLLATE utf8mb4_unicode_ci NOT NULL,
  `delete_flag` tinyint DEFAULT '0',
  `createdAt` datetime NOT NULL
) ENGINE=InnoDB DEFAULT CHARSET=utf8mb4 COLLATE=utf8mb4_unicode_ci;

--
-- Dumping data for table `content_niche`
--

INSERT INTO `content_niche` (`content_niche_id`, `content_niche_name`, `image_link`, `delete_flag`, `createdAt`) VALUES
(1, 'Fashion ', '', 0, '2023-08-02 06:01:53'),
(2, 'beauty ', '', 0, '2023-08-02 06:01:53'),
(3, 'travel', '', 0, '2023-08-02 06:02:37'),
(4, 'Lifestyle', '', 0, '2023-08-02 06:02:37'),
(5, 'Environment', '', 0, '2023-08-02 06:03:08'),
(6, 'Automobile', '', 0, '2023-08-02 06:03:08'),
(7, 'Fashion', '', 0, '2023-08-04 07:50:22'),
(8, 'food blogger', '', 0, '2023-08-04 07:51:01'),
(9, 'Gaming', '', 0, '2023-08-04 07:51:25'),
(10, 'LifeStyle', '', 0, '2023-08-04 07:51:37'),
(11, 'Real Estate', '', 0, '2023-08-04 07:51:53'),
(12, 'lawyer', '', 0, '2023-08-04 07:52:02'),
(13, 'Sports', '', 0, '2023-08-04 07:52:15');

-- --------------------------------------------------------

--
-- Table structure for table `favourite_influencer`
--

CREATE TABLE `favourite_influencer` (
  `favourite_influencer_id` int NOT NULL,
  `influencer_id` int DEFAULT NULL,
  `brand_id` int DEFAULT NULL,
  `favourite_influencer_flag` tinyint DEFAULT '0',
  `delete_flag` tinyint DEFAULT '0',
  `createdAt` datetime NOT NULL
) ENGINE=InnoDB DEFAULT CHARSET=utf8mb4 COLLATE=utf8mb4_unicode_ci;

--
-- Dumping data for table `favourite_influencer`
--

INSERT INTO `favourite_influencer` (`favourite_influencer_id`, `influencer_id`, `brand_id`, `favourite_influencer_flag`, `delete_flag`, `createdAt`) VALUES
(1, 1, 1, 1, 0, '2023-12-18 12:30:41'),
(2, 5, 1, 1, 0, '2023-12-21 06:37:09'),
(3, 7, 3, 1, 0, '2024-03-22 07:06:21'),
(4, 1, 3, 0, 0, '2024-04-15 13:28:59');

-- --------------------------------------------------------

--
-- Table structure for table `fb_access_tokens`
--

CREATE TABLE `fb_access_tokens` (
  `influencer_social_tokens_id` int NOT NULL,
  `fb_tokens` char(255) COLLATE utf8mb4_unicode_ci DEFAULT NULL,
  `influencer_id` int DEFAULT NULL,
  `delete_flag` tinyint DEFAULT '0',
  `createdAt` datetime NOT NULL
) ENGINE=InnoDB DEFAULT CHARSET=utf8mb4 COLLATE=utf8mb4_unicode_ci;

-- --------------------------------------------------------

--
-- Table structure for table `industry`
--

CREATE TABLE `industry` (
  `industry_id` int NOT NULL,
  `industry_name` varchar(255) COLLATE utf8mb4_unicode_ci NOT NULL,
  `delete_flag` tinyint DEFAULT '0',
  `createdAt` datetime NOT NULL
) ENGINE=InnoDB DEFAULT CHARSET=utf8mb4 COLLATE=utf8mb4_unicode_ci;

--
-- Dumping data for table `industry`
--

INSERT INTO `industry` (`industry_id`, `industry_name`, `delete_flag`, `createdAt`) VALUES
(1, 'footboll', 0, '2023-08-09 06:54:46'),
(2, 'Video Editing', 0, '2023-08-09 06:54:55'),
(3, 'Startup', 0, '2023-08-09 06:55:07');

-- --------------------------------------------------------

--
-- Table structure for table `influencer`
--

CREATE TABLE `influencer` (
  `influencer_id` int NOT NULL,
  `influencer_type_id` int DEFAULT NULL,
  `name` varchar(255) COLLATE utf8mb4_unicode_ci DEFAULT NULL,
  `email` varchar(255) COLLATE utf8mb4_unicode_ci DEFAULT NULL,
  `gender` varchar(255) COLLATE utf8mb4_unicode_ci DEFAULT NULL,
  `number` bigint DEFAULT NULL,
  `dob` datetime DEFAULT NULL,
  `pan_card` varchar(255) COLLATE utf8mb4_unicode_ci DEFAULT NULL,
  `gst_number` varchar(255) COLLATE utf8mb4_unicode_ci DEFAULT NULL,
  `bio` text COLLATE utf8mb4_unicode_ci,
  `account_delete` tinyint DEFAULT '0',
  `createdAt` datetime NOT NULL
) ENGINE=InnoDB DEFAULT CHARSET=utf8mb4 COLLATE=utf8mb4_unicode_ci;

--
-- Dumping data for table `influencer`
--

INSERT INTO `influencer` (`influencer_id`, `influencer_type_id`, `name`, `email`, `gender`, `number`, `dob`, `pan_card`, `gst_number`, `bio`, `account_delete`, `createdAt`) VALUES
(1, NULL, 'Sheikh Zaheer', 'sheikhxzaheer@gmail.com', 'Female', 9330202696, '2023-12-19 00:00:00', 'https://lh3.googleusercontent.com/a/ACg8ocJbLCnmTCuDS4KAnWld6m06-3IhSVRqH3LbXtsLQP5_km0=s96-c', 'gfg', 'Chai peelo', 0, '2023-12-18 06:31:18'),
(2, NULL, NULL, NULL, NULL, NULL, NULL, NULL, NULL, NULL, 0, '2023-12-18 08:28:18'),
(3, NULL, 'Sheikh Zaheer', 'sheikhzaheer037@gmail.com', NULL, 1234567890, NULL, 'https://lh3.googleusercontent.com/a/ACg8ocIr-kRfnWVuXGdjIG2BN3OwwlgkiupdBJprKQRnaJfItA76=s96-c', 'gfg', NULL, 0, '2023-12-18 09:22:23'),
(4, NULL, NULL, 'ftzaheer1@gmail.com', NULL, NULL, NULL, NULL, NULL, NULL, 0, '2023-12-19 12:29:59'),
(5, NULL, 'Abhik Das', 'abhik.kreative@gmail.com', 'Male', 7980237815, '2023-12-21 00:00:00', 'fgf', 'gfg', 'Kreative person having kreative wiz techniques to convert vidon into reality ', 0, '2023-12-21 06:26:31'),
(6, NULL, NULL, NULL, NULL, 8428419828, NULL, NULL, NULL, NULL, 0, '2023-12-28 08:07:32'),
(7, NULL, 'Harsh ', 'h@gmail.com', NULL, 8420419828, NULL, 'fgf', 'gfg', NULL, 0, '2023-12-28 08:13:15'),
(8, NULL, NULL, NULL, NULL, 0, NULL, NULL, NULL, NULL, 0, '2023-12-28 11:42:35'),
(9, NULL, 'Rohit ', 'rohitagarwal17800@gmail.com', 'Male', 8013789437, '2024-01-04 00:00:00', 'fgf', 'gfg', 'jdj', 0, '2024-01-04 08:00:14'),
(10, NULL, NULL, NULL, NULL, 1, NULL, NULL, NULL, NULL, 0, '2024-01-04 08:13:45'),
(11, NULL, NULL, NULL, NULL, 6134800203, NULL, NULL, NULL, NULL, 0, '2024-01-04 08:14:11'),
(12, NULL, NULL, NULL, NULL, 9830038919, NULL, NULL, NULL, NULL, 0, '2024-01-04 09:42:18'),
(13, NULL, NULL, NULL, NULL, 8250371605, NULL, NULL, NULL, NULL, 0, '2024-01-04 10:00:46'),
(14, NULL, NULL, NULL, NULL, 9748282444, NULL, NULL, NULL, NULL, 0, '2024-01-05 16:26:29'),
(15, NULL, 'Shubham  Yadav ', '1986rinkiyadav@gmail.com', 'Male', 6386849055, '2010-05-02 00:00:00', 'fgf', 'gfg', NULL, 0, '2024-01-11 18:24:17'),
(16, NULL, NULL, NULL, NULL, 2345678901, NULL, NULL, NULL, NULL, 0, '2024-01-12 05:37:45'),
(17, NULL, NULL, 'sheikhxzaheer@gmail.com', NULL, NULL, NULL, NULL, NULL, NULL, 0, '2024-01-12 12:16:15'),
(18, NULL, 'Sheikh Zaheer', 'sheikhxzaheer@gmail.com', NULL, 3456789012, NULL, 'https://lh3.googleusercontent.com/a/ACg8ocJbLCnmTCuDS4KAnWld6m06-3IhSVRqH3LbXtsLQP5_km0=s96-c', 'gfg', NULL, 0, '2024-01-15 10:18:25'),
(19, NULL, 'Rahul Chaudhary ', 'heartlessvip8@gmail.com', 'Male', 8318028182, '2004-07-02 00:00:00', 'fgf', 'gfg', NULL, 0, '2024-01-16 14:19:05'),
(20, NULL, NULL, NULL, NULL, 1236547896, NULL, NULL, NULL, NULL, 0, '2024-02-05 07:57:13');

-- --------------------------------------------------------

--
-- Table structure for table `influencer_address`
--

CREATE TABLE `influencer_address` (
  `influencer_address_id` int NOT NULL,
  `influencer_id` int DEFAULT NULL,
  `address` varchar(255) COLLATE utf8mb4_unicode_ci NOT NULL,
  `country` varchar(255) COLLATE utf8mb4_unicode_ci NOT NULL,
  `city_id` int DEFAULT NULL,
  `state_id` int DEFAULT NULL,
  `pin` bigint NOT NULL,
  `primary_address` tinyint DEFAULT '0',
  `delete_flag` tinyint DEFAULT '0',
  `createdAt` datetime NOT NULL
) ENGINE=InnoDB DEFAULT CHARSET=utf8mb4 COLLATE=utf8mb4_unicode_ci;

--
-- Dumping data for table `influencer_address`
--

INSERT INTO `influencer_address` (`influencer_address_id`, `influencer_id`, `address`, `country`, `city_id`, `state_id`, `pin`, `primary_address`, `delete_flag`, `createdAt`) VALUES
(1, 1, 'momipore', 'India', 1, 1, 522985, 0, 1, '2023-12-18 08:19:52'),
(2, 1, 'momipore', 'India', 1, 1, 522985, 0, 1, '2023-12-18 08:20:09'),
(3, 1, 'Mominpore', 'India', 1, 1, 522985, 0, 1, '2023-12-18 08:20:37'),
(4, 1, 'zgeicgjgh', 'Eug', 1, 1, 200000, 0, 1, '2023-12-18 12:04:49'),
(5, 1, 'zgeicgjgh', 'Eug', 2, 1, 200000, 0, 1, '2023-12-18 12:05:50'),
(9, 3, '', '', 13, 5, 700, 1, 0, '2024-01-03 16:33:40'),
(10, 1, 'xgc', 'Sffhg', 21, 1, 4655675, 0, 0, '2024-01-17 10:15:33'),
(11, 1, 'xgc', 'Sffhg', 21, 1, 4655675, 1, 0, '2024-01-17 10:15:53');

-- --------------------------------------------------------

--
-- Table structure for table `influencer_content_niche`
--

CREATE TABLE `influencer_content_niche` (
  `influencer_content_niche_id` int NOT NULL,
  `influencer_id` int DEFAULT NULL,
  `content_niche_id` int DEFAULT NULL,
  `createdAt` datetime NOT NULL
) ENGINE=InnoDB DEFAULT CHARSET=utf8mb4 COLLATE=utf8mb4_unicode_ci;

--
-- Dumping data for table `influencer_content_niche`
--

INSERT INTO `influencer_content_niche` (`influencer_content_niche_id`, `influencer_id`, `content_niche_id`, `createdAt`) VALUES
(4, 1, 2, '2023-12-18 08:15:55'),
(5, 1, 5, '2023-12-18 08:15:55'),
(6, 5, 5, '2023-12-21 06:28:50'),
(7, 5, 4, '2023-12-21 06:28:50'),
(8, 5, 11, '2023-12-21 06:28:50'),
(9, 5, 8, '2023-12-21 06:28:50'),
(10, 5, 9, '2023-12-21 06:28:50'),
(11, 7, 1, '2023-12-28 08:20:52'),
(12, 7, 2, '2023-12-28 08:20:52'),
(13, 7, 7, '2023-12-28 08:20:52'),
(14, 9, 1, '2024-01-04 08:20:31'),
(15, 9, 2, '2024-01-04 08:20:31'),
(35, 15, 1, '2024-01-12 06:01:39'),
(36, 15, 10, '2024-01-12 06:01:39'),
(37, 15, 7, '2024-01-12 06:01:39'),
(38, 15, 4, '2024-01-12 06:01:39'),
(39, 15, 5, '2024-01-12 06:01:39'),
(40, 15, 13, '2024-01-12 06:01:39'),
(41, 15, 9, '2024-01-12 06:01:39'),
(42, 15, 6, '2024-01-12 06:01:39'),
(43, 19, 9, '2024-01-16 14:20:24'),
(44, 19, 13, '2024-01-16 14:20:24'),
(45, 19, 1, '2024-01-16 14:20:24'),
(46, 19, 6, '2024-01-16 14:20:24');

-- --------------------------------------------------------

--
-- Table structure for table `influencer_facebook`
--

CREATE TABLE `influencer_facebook` (
  `influencer_facebook_id` int NOT NULL,
  `influencer_id` int DEFAULT NULL,
  `fb_user_id` int DEFAULT NULL,
  `name` varchar(255) COLLATE utf8mb4_unicode_ci DEFAULT NULL,
  `birthday` varchar(255) COLLATE utf8mb4_unicode_ci DEFAULT NULL,
  `age_range` int DEFAULT NULL,
  `profile_link` varchar(255) COLLATE utf8mb4_unicode_ci DEFAULT NULL,
  `gender` varchar(255) COLLATE utf8mb4_unicode_ci DEFAULT NULL,
  `location` varchar(255) COLLATE utf8mb4_unicode_ci DEFAULT NULL,
  `total_follower` int DEFAULT '0',
  `delete_flag` tinyint DEFAULT '0',
  `createdAt` datetime NOT NULL
) ENGINE=InnoDB DEFAULT CHARSET=utf8mb4 COLLATE=utf8mb4_unicode_ci;

-- --------------------------------------------------------

--
-- Table structure for table `influencer_facebook_post`
--

CREATE TABLE `influencer_facebook_post` (
  `influencer_facebook_post_id` int NOT NULL,
  `influencer_id` int DEFAULT NULL,
  `facebook_post_id` bigint DEFAULT NULL,
  `link` varchar(255) COLLATE utf8mb4_unicode_ci DEFAULT NULL,
  `facebook_post_created_time` varchar(255) COLLATE utf8mb4_unicode_ci DEFAULT NULL,
  `createdAt` datetime NOT NULL
) ENGINE=InnoDB DEFAULT CHARSET=utf8mb4 COLLATE=utf8mb4_unicode_ci;

-- --------------------------------------------------------

--
-- Table structure for table `influencer_file`
--

CREATE TABLE `influencer_file` (
  `influencer_file_id` int NOT NULL,
  `influencer_id` int DEFAULT NULL,
  `doc_type` varchar(255) COLLATE utf8mb4_unicode_ci NOT NULL,
  `image_link` varchar(255) COLLATE utf8mb4_unicode_ci NOT NULL,
  `file_name` varchar(255) COLLATE utf8mb4_unicode_ci NOT NULL,
  `delete_flag` int DEFAULT '0',
  `createdAt` datetime NOT NULL
) ENGINE=InnoDB DEFAULT CHARSET=utf8mb4 COLLATE=utf8mb4_unicode_ci;

-- --------------------------------------------------------

--
-- Table structure for table `influencer_instagram`
--

CREATE TABLE `influencer_instagram` (
  `influencer_instagram_id` int NOT NULL,
  `influencer_id` int DEFAULT NULL,
  `insta_user_id` int DEFAULT NULL,
  `name` varchar(255) COLLATE utf8mb4_unicode_ci DEFAULT NULL,
  `birthday` varchar(255) COLLATE utf8mb4_unicode_ci DEFAULT NULL,
  `age_range` int DEFAULT NULL,
  `profile_link` varchar(255) COLLATE utf8mb4_unicode_ci DEFAULT NULL,
  `gender` varchar(255) COLLATE utf8mb4_unicode_ci DEFAULT NULL,
  `location` varchar(255) COLLATE utf8mb4_unicode_ci DEFAULT NULL,
  `total_follower` int DEFAULT '0',
  `delete_flag` tinyint DEFAULT '0',
  `createdAt` datetime NOT NULL
) ENGINE=InnoDB DEFAULT CHARSET=utf8mb4 COLLATE=utf8mb4_unicode_ci;

-- --------------------------------------------------------

--
-- Table structure for table `influencer_instagram_post`
--

CREATE TABLE `influencer_instagram_post` (
  `influencer_instagram_post_id` int NOT NULL,
  `influencer_id` int DEFAULT NULL,
  `instagram_post_id` bigint DEFAULT NULL,
  `link` varchar(255) COLLATE utf8mb4_unicode_ci DEFAULT NULL,
  `instagram_post_created_time` varchar(255) COLLATE utf8mb4_unicode_ci DEFAULT NULL,
  `createdAt` datetime NOT NULL
) ENGINE=InnoDB DEFAULT CHARSET=utf8mb4 COLLATE=utf8mb4_unicode_ci;

-- --------------------------------------------------------

--
-- Table structure for table `influencer_language`
--

CREATE TABLE `influencer_language` (
  `influencer_language_id` int NOT NULL,
  `language_id` int DEFAULT NULL,
  `influencer_id` int DEFAULT NULL,
  `delete_flag` tinyint DEFAULT '0',
  `createdAt` datetime NOT NULL
) ENGINE=InnoDB DEFAULT CHARSET=utf8mb4 COLLATE=utf8mb4_unicode_ci;

--
-- Dumping data for table `influencer_language`
--

INSERT INTO `influencer_language` (`influencer_language_id`, `language_id`, `influencer_id`, `delete_flag`, `createdAt`) VALUES
(1, 2, 1, 0, '2023-12-18 08:11:12'),
(2, 1, 1, 0, '2023-12-18 08:11:12'),
(5, 1, 5, 0, '2023-12-21 06:28:44'),
(6, 2, 5, 0, '2023-12-21 06:28:44'),
(7, 3, 5, 0, '2023-12-21 06:28:44'),
(8, 1, 7, 0, '2023-12-28 08:20:49'),
(9, 2, 7, 0, '2023-12-28 08:20:49'),
(10, 1, 9, 0, '2024-01-04 08:20:29'),
(11, 2, 9, 0, '2024-01-04 08:20:29'),
(12, 1, 15, 0, '2024-01-11 23:35:00'),
(13, 2, 15, 0, '2024-01-11 23:35:00'),
(14, 1, 15, 0, '2024-01-11 23:47:49'),
(15, 2, 15, 0, '2024-01-11 23:47:49'),
(16, 1, 15, 0, '2024-01-11 23:51:21'),
(17, 2, 15, 0, '2024-01-11 23:51:21'),
(18, 1, 19, 0, '2024-01-16 14:20:10'),
(19, 2, 19, 0, '2024-01-16 14:20:10');

-- --------------------------------------------------------

--
-- Table structure for table `influencer_price`
--

CREATE TABLE `influencer_price` (
  `influencer_price_id` int NOT NULL,
  `influencer_id` int DEFAULT NULL,
  `post_cost` float DEFAULT '0',
  `reels_cost` float DEFAULT '0',
  `video_cost` float DEFAULT '0',
  `story_cost` float DEFAULT '0',
  `delete_flag` tinyint DEFAULT '0',
  `createdAt` datetime NOT NULL
) ENGINE=InnoDB DEFAULT CHARSET=utf8mb4 COLLATE=utf8mb4_unicode_ci;

--
-- Dumping data for table `influencer_price`
--

INSERT INTO `influencer_price` (`influencer_price_id`, `influencer_id`, `post_cost`, `reels_cost`, `video_cost`, `story_cost`, `delete_flag`, `createdAt`) VALUES
(1, 1, 9521, 2545, 558, 5548, 0, '2023-12-18 08:11:56'),
(2, 5, 1500, 5000, 10000, 1000, 0, '2023-12-21 06:29:10'),
(3, 7, 100, 100, 100, 100, 0, '2023-12-28 08:21:05'),
(4, 9, 100, 100, 0, 0, 0, '2024-01-04 08:20:34'),
(5, 15, 200, 200, 200, 50, 0, '2024-01-11 23:35:48'),
(6, 19, 100, 500, 500, 1000, 0, '2024-01-16 14:20:46');

-- --------------------------------------------------------

--
-- Table structure for table `influencer_profile_status`
--

CREATE TABLE `influencer_profile_status` (
  `influencer_profile_status_id` int NOT NULL,
  `influencer_id` int DEFAULT NULL,
  `profile_complete_status` tinyint DEFAULT '0',
  `createdAt` datetime NOT NULL
) ENGINE=InnoDB DEFAULT CHARSET=utf8mb4 COLLATE=utf8mb4_unicode_ci;

--
-- Dumping data for table `influencer_profile_status`
--

INSERT INTO `influencer_profile_status` (`influencer_profile_status_id`, `influencer_id`, `profile_complete_status`, `createdAt`) VALUES
(1, 1, 1, '2023-12-18 08:09:26'),
(2, 3, 0, '2023-12-18 09:43:28'),
(3, 5, 1, '2023-12-21 06:27:43'),
(4, 7, 1, '2023-12-28 08:16:22'),
(5, 8, 0, '2024-01-04 08:14:24'),
(6, 9, 1, '2024-01-04 08:19:46'),
(7, 14, 0, '2024-01-08 11:09:09'),
(8, 15, 1, '2024-01-11 23:50:07');

-- --------------------------------------------------------

--
-- Table structure for table `influencer_type`
--

CREATE TABLE `influencer_type` (
  `influencer_type_id` int NOT NULL,
  `type` varchar(255) COLLATE utf8mb4_unicode_ci DEFAULT NULL,
  `createdAt` datetime NOT NULL
) ENGINE=InnoDB DEFAULT CHARSET=utf8mb4 COLLATE=utf8mb4_unicode_ci;

--
-- Dumping data for table `influencer_type`
--

INSERT INTO `influencer_type` (`influencer_type_id`, `type`, `createdAt`) VALUES
(1, 'Nano', '0000-00-00 00:00:00'),
(2, 'Micro', '0000-00-00 00:00:00'),
(3, 'Macro', '0000-00-00 00:00:00'),
(4, 'Mega', '0000-00-00 00:00:00'),
(5, 'Celeb', '0000-00-00 00:00:00');

-- --------------------------------------------------------

--
-- Table structure for table `influencer_youtube`
--

CREATE TABLE `influencer_youtube` (
  `influencer_youtube_id` int NOT NULL,
  `influencer_id` int DEFAULT NULL,
  `delete_flag` tinyint DEFAULT '0',
  `createdAt` datetime NOT NULL
) ENGINE=InnoDB DEFAULT CHARSET=utf8mb4 COLLATE=utf8mb4_unicode_ci;

-- --------------------------------------------------------

--
-- Table structure for table `language`
--

CREATE TABLE `language` (
  `language_id` int NOT NULL,
  `language_name` varchar(255) COLLATE utf8mb4_unicode_ci NOT NULL,
  `delete_flag` tinyint DEFAULT '0',
  `createdAt` datetime NOT NULL
) ENGINE=InnoDB DEFAULT CHARSET=utf8mb4 COLLATE=utf8mb4_unicode_ci;

--
-- Dumping data for table `language`
--

INSERT INTO `language` (`language_id`, `language_name`, `delete_flag`, `createdAt`) VALUES
(1, 'Hindi', 0, '2023-10-25 06:36:27'),
(2, 'English', 0, '2023-10-25 06:36:27'),
(3, 'Bengali', 0, '2023-10-25 09:26:54'),
(4, 'Gujrati', 0, '2023-12-20 13:47:13'),
(5, 'Marathi', 0, '2023-12-20 13:47:13'),
(6, 'Punjabi', 0, '2023-12-20 13:47:13'),
(7, 'Telegu', 0, '2023-12-20 13:47:13'),
(8, 'Tamil', 0, '2023-12-20 13:47:13'),
(9, 'Odia', 0, '2023-12-20 13:47:13'),
(10, 'Urdu', 0, '2023-12-20 13:47:13');

-- --------------------------------------------------------

--
-- Table structure for table `otp`
--

CREATE TABLE `otp` (
  `otp_id` int NOT NULL,
  `influencer_id` int DEFAULT NULL,
  `brand_id` int DEFAULT NULL,
  `otp_code` bigint DEFAULT '0',
  `verification_code` char(255) COLLATE utf8mb4_unicode_ci DEFAULT NULL,
  `number` bigint DEFAULT NULL,
  `email` varchar(255) COLLATE utf8mb4_unicode_ci DEFAULT NULL,
  `inf_email` varchar(255) COLLATE utf8mb4_unicode_ci DEFAULT NULL,
  `otp_flag` tinyint DEFAULT '0',
  `createdAt` datetime NOT NULL
) ENGINE=InnoDB DEFAULT CHARSET=utf8mb4 COLLATE=utf8mb4_unicode_ci;

--
-- Dumping data for table `otp`
--

INSERT INTO `otp` (`otp_id`, `influencer_id`, `brand_id`, `otp_code`, `verification_code`, `number`, `email`, `inf_email`, `otp_flag`, `createdAt`) VALUES
(1, NULL, NULL, 1111, '8429ddd4-f3f5-4b40-a0da-ff938db1baa9', 7687071070, NULL, NULL, 0, '2023-12-15 16:34:24'),
(2, NULL, NULL, 1111, 'a4473cee-a7a0-4431-8eb4-ddd6e525aba7', 7687071070, NULL, NULL, 1, '2023-12-15 16:34:46'),
(3, NULL, NULL, 1111, 'bef1def7-0524-4d4b-900f-dcbaf04fc3b8', 9330202696, NULL, NULL, 1, '2023-12-18 06:30:22'),
(4, 1, NULL, 1111, '07fd043b-9828-4191-932b-854f67b07378', 9330202696, NULL, NULL, 1, '2023-12-18 08:09:26'),
(5, NULL, NULL, 1111, '5da912b9-a57a-480b-a241-f239bc387649', NULL, 'envato.kreative@gmail.com', NULL, 1, '2023-12-18 08:27:56'),
(6, NULL, NULL, 1111, '32583ed0-367c-4fc8-bba6-aa76f842a9fa', 1234567890, NULL, NULL, 1, '2023-12-18 09:22:21'),
(7, 1, NULL, 1111, 'a5ae046e-e344-432e-a49b-5d6b70cb46e4', 9330202696, NULL, NULL, 1, '2023-12-18 09:40:19'),
(8, 3, NULL, 1111, '1f7226d6-416e-44c5-afeb-53a6f83e3631', 1234567890, NULL, NULL, 1, '2023-12-18 09:43:28'),
(9, 1, NULL, 1111, '7d910ed6-b4bb-4b8e-9ca1-44b968755c6e', 9330202696, NULL, NULL, 1, '2023-12-18 11:03:08'),
(10, 1, NULL, 1111, '5e750b7d-cfce-43ce-9fbf-d4977427e31b', 9330202696, NULL, NULL, 1, '2023-12-18 11:15:36'),
(11, 1, NULL, 1111, 'fb6c9e71-0f3b-40ee-899a-f339cd570d67', 9330202696, NULL, NULL, 1, '2023-12-18 12:27:50'),
(12, 3, NULL, 1111, 'e84759bc-831b-47f1-b7a5-259aad26666d', 1234567890, NULL, NULL, 1, '2023-12-18 12:29:13'),
(13, NULL, 1, 1111, '02c21dbb-e45f-4abb-91ae-4f9d8c229932', 7687071070, NULL, NULL, 1, '2023-12-18 12:30:11'),
(14, 1, NULL, 1111, '369204ec-b22d-4c4e-be3e-45d7fc96544e', 9330202696, NULL, NULL, 1, '2023-12-18 12:38:03'),
(15, 1, NULL, 1111, '6b8ed222-a7d6-4f54-bc75-a683e3181571', 9330202696, NULL, NULL, 1, '2023-12-18 12:43:37'),
(16, NULL, 1, 1111, '006f62e5-a100-4b7c-8a40-c39245156558', 7687071070, NULL, NULL, 0, '2023-12-18 12:44:29'),
(17, NULL, 1, 1111, 'db1ffad1-78c4-409e-8a08-f01363930beb', 7687071070, NULL, NULL, 1, '2023-12-18 12:44:29'),
(18, 1, NULL, 1111, '9ed37020-b527-488f-bce8-3ac37327f798', 9330202696, NULL, NULL, 1, '2023-12-18 13:12:25'),
(19, 1, NULL, 1111, 'a9ebbf88-8bb5-4242-841b-9c32740e77f2', 9330202696, NULL, NULL, 1, '2023-12-19 04:49:48'),
(20, 1, NULL, 1111, '3b91f006-fb84-43e3-8282-fd5c2a796741', 9330202696, NULL, NULL, 1, '2023-12-19 06:38:11'),
(21, 1, NULL, 1111, '381188d0-2f0c-472a-a97c-7c192a1cd9d4', 9330202696, NULL, NULL, 1, '2023-12-19 07:07:07'),
(22, 1, NULL, 1111, '5cc7c53c-3d00-45f9-88cf-e275732e989e', 9330202696, NULL, NULL, 1, '2023-12-19 08:20:07'),
(23, 1, NULL, 1111, '9ae0655d-dfc0-41fe-b341-f017f21e052d', 9330202696, NULL, NULL, 1, '2023-12-19 08:42:11'),
(24, 1, NULL, 1111, 'eb4c0556-bc69-4eb8-a35a-a185ca1a87b6', 9330202696, NULL, NULL, 1, '2023-12-19 09:47:27'),
(25, 1, NULL, 1111, 'e697e33e-ba1a-4727-b5be-b20f96d079eb', 9330202696, NULL, NULL, 1, '2023-12-19 09:48:01'),
(26, 3, NULL, 1111, 'bab996b5-e58f-41ff-8355-d03c4e24be41', 1234567890, NULL, NULL, 1, '2023-12-19 09:48:24'),
(27, 1, NULL, 1111, '7c489917-720b-4857-94d0-d094cf0c7456', 9330202696, NULL, NULL, 1, '2023-12-19 10:06:02'),
(28, 1, NULL, 1111, 'b1ed63be-8099-4e13-a2c2-d033e47fce87', 9330202696, NULL, NULL, 1, '2023-12-19 10:08:07'),
(29, 3, NULL, 1111, 'dbc5b92e-5d27-43fa-b236-b137cc09be1a', 1234567890, NULL, NULL, 1, '2023-12-19 10:56:21'),
(30, 1, NULL, 1111, '5b35217d-4647-482a-a0b3-1e4e7c955670', 9330202696, NULL, NULL, 1, '2023-12-20 05:49:14'),
(31, 1, NULL, 1111, 'b1c7fd0e-65aa-4caf-a345-e124fbb3e923', 9330202696, NULL, NULL, 1, '2023-12-20 07:09:51'),
(32, 3, NULL, 1111, '9e7c4ff7-a329-45c8-a971-1e53ef753133', 1234567890, NULL, NULL, 1, '2023-12-20 07:10:38'),
(33, NULL, 1, 1111, '0d190876-caad-4de3-bf0b-850b4aa1b90b', 7687071070, NULL, NULL, 1, '2023-12-20 10:04:28'),
(34, NULL, 2, 1111, '58a3fff0-da84-41b9-9958-fe6360507fc9', 9330202696, NULL, NULL, 1, '2023-12-20 10:14:43'),
(35, NULL, 1, 1111, '08dbe693-d39e-4c92-9498-6be02cbc479b', 7687071070, NULL, NULL, 1, '2023-12-20 10:15:00'),
(36, 1, NULL, 1111, '610263ff-2f79-4d8a-9e07-d44e81f96e02', 9330202696, NULL, NULL, 1, '2023-12-20 10:30:46'),
(37, NULL, 1, 1111, '8b9c747b-a7d1-4746-85b8-392fd93c3718', 7687071070, NULL, NULL, 1, '2023-12-20 10:52:01'),
(38, NULL, 1, 1111, '17238ea1-198b-4723-8cad-b327980d56cb', 7687071070, NULL, NULL, 1, '2023-12-20 12:53:55'),
(39, 1, NULL, 1111, '3877ee12-f4cc-4cd0-b9fd-3ad8f98704ea', 9330202696, NULL, NULL, 1, '2023-12-20 14:02:42'),
(40, NULL, 1, 1111, 'fa3165c4-9621-4362-92c0-3544b762c65a', 7687071070, NULL, NULL, 0, '2023-12-20 16:15:39'),
(41, NULL, 1, 1111, '5541f7fd-6cac-4373-aed8-fdd743590fe0', 7687071070, NULL, NULL, 1, '2023-12-20 16:15:39'),
(42, NULL, 1, 1111, '296bb50d-60e0-487d-88a0-79f68e4b6415', 7687071070, NULL, NULL, 1, '2023-12-21 04:26:56'),
(43, NULL, 2, 1111, '02b8ba27-62df-4d50-8ca4-dfcbfcdcf1fb', 9330202696, NULL, NULL, 0, '2023-12-21 05:50:45'),
(44, NULL, 2, 1111, 'e022caea-0a22-430a-992c-a74bf30e142e', 9330202696, NULL, NULL, 1, '2023-12-21 05:50:46'),
(45, NULL, 1, 1111, '64270c14-7413-44ec-a517-f05caea9f6cb', 7687071070, NULL, NULL, 1, '2023-12-21 06:22:28'),
(46, NULL, NULL, 1111, 'b9058b5e-40cf-4bf7-89fb-87d6aa71b7c8', 7980237815, NULL, NULL, 1, '2023-12-21 06:22:44'),
(47, NULL, 1, 1111, 'c5ab7198-8f55-4e7d-bb8d-440150ee465f', 7687071070, NULL, NULL, 1, '2023-12-21 06:23:02'),
(48, NULL, 1, 1111, 'f8b1880c-989d-4f85-9093-dfe095223ab2', 7687071070, NULL, NULL, 1, '2023-12-21 06:23:54'),
(49, NULL, NULL, 1111, 'fa868182-831b-4091-90ea-48e692e39783', 7980237815, NULL, NULL, 1, '2023-12-21 06:26:28'),
(50, 5, NULL, 1111, '3f6a894c-a5b3-40b8-96e6-257a6dbd25b9', 7980237815, NULL, NULL, 1, '2023-12-21 06:27:43'),
(51, NULL, 1, 1111, 'cc75a2f2-0019-4102-a908-b92581abfc39', 7687071070, NULL, NULL, 1, '2023-12-21 07:29:42'),
(52, NULL, 1, 1111, '2f5dc1c4-973c-4951-b618-873eeb20ebb4', 7687071070, NULL, NULL, 1, '2023-12-21 08:33:36'),
(53, NULL, 1, 1111, '0708bf35-ae33-4326-a068-9c2c691368e4', 7687071070, NULL, NULL, 1, '2023-12-21 10:56:19'),
(54, NULL, 1, 1111, 'f8b296d1-3d95-455e-9611-5bc4bf016b99', 7687071070, NULL, NULL, 0, '2023-12-21 10:56:19'),
(55, NULL, 1, 1111, '52ae7628-15ac-49ee-920a-195e0a4fb0c6', 7687071070, NULL, NULL, 1, '2023-12-21 11:36:53'),
(56, NULL, 1, 1111, 'a2109a84-ac26-4377-8cfb-4fe22a709e39', 7687071070, NULL, NULL, 1, '2023-12-21 16:25:59'),
(57, 1, NULL, 1111, '4e96a5f6-bfd7-48f9-a5ba-c8fa83322db8', 9330202696, NULL, NULL, 1, '2023-12-23 06:25:29'),
(58, 3, NULL, 1111, '9ee8606c-f3ed-4fac-8309-6c6c9a1eba73', 1234567890, NULL, NULL, 1, '2023-12-25 07:54:21'),
(59, NULL, 1, 1111, '91ee0565-cd26-49df-b1fa-3f972b203032', 7687071070, NULL, NULL, 1, '2023-12-26 17:08:18'),
(60, NULL, 1, 1111, '4b4241c8-e0ff-4773-abf3-643d650a6acf', 7687071070, NULL, NULL, 0, '2023-12-26 17:08:18'),
(61, 1, NULL, 1111, 'e25bb223-4491-4fbd-9347-34b768a5ff93', 9330202696, NULL, NULL, 1, '2023-12-28 06:45:33'),
(62, 3, NULL, 1111, 'e11f5afa-c908-4660-b00e-09e543e7b8e8', 1234567890, NULL, NULL, 1, '2023-12-28 06:50:19'),
(63, NULL, NULL, 1111, '62b23daf-0a64-42ad-898c-cc278dad666a', 8428419828, NULL, NULL, 1, '2023-12-28 08:07:30'),
(64, NULL, NULL, 1111, '1af2abdc-e2b2-4a26-8fa6-b1357a714215', 8420419828, NULL, NULL, 1, '2023-12-28 08:13:11'),
(65, 7, NULL, 1111, 'ecfe7e11-b35f-477a-8cc9-a48640847e3c', 8420419828, NULL, NULL, 1, '2023-12-28 08:16:22'),
(66, 7, NULL, 1111, '540169f9-e86b-49d1-857c-50add45c0089', 8420419828, NULL, NULL, 1, '2023-12-28 08:20:25'),
(67, 1, NULL, 1111, 'b5bde59d-51e6-40a4-9a04-45d7b296f520', 9330202696, NULL, NULL, 1, '2023-12-28 09:26:02'),
(68, NULL, NULL, 1111, '3d8b1f6a-30fb-4807-815a-655d57b70519', 0, NULL, NULL, 1, '2023-12-28 11:42:33'),
(69, NULL, 1, 1111, '6482d4c9-bdb1-4623-95f4-2c4c39a950f3', 7687071070, NULL, NULL, 1, '2023-12-29 05:42:35'),
(70, NULL, 1, 1111, 'c113fdf1-5075-406d-8438-42a5a8e617b7', 7687071070, NULL, NULL, 1, '2023-12-29 05:44:40'),
(71, NULL, 1, 1111, 'e5cd8512-dff5-4310-b251-53c03789001c', 7687071070, NULL, NULL, 1, '2023-12-29 07:31:39'),
(72, NULL, 2, 1111, 'c41e406d-0086-426e-8a79-0db1fd863151', 9330202696, NULL, NULL, 1, '2023-12-29 08:21:08'),
(73, NULL, 2, 1111, '16dd29d1-c3d7-4959-9c95-73f110f17b15', 9330202696, NULL, NULL, 1, '2023-12-29 08:21:42'),
(74, NULL, 1, 1111, '3f50e4da-e8d4-42e7-ba8a-eec190691ea2', 7687071070, NULL, NULL, 0, '2023-12-29 08:27:13'),
(75, NULL, 1, 1111, 'bc58ca04-a6fe-42b5-8a68-8a328938c7cd', 7687071070, NULL, NULL, 1, '2023-12-29 08:27:13'),
(76, 1, NULL, 1111, 'c70fa857-45f4-4a6c-a6d3-05c17cc5be97', 9330202696, NULL, NULL, 1, '2023-12-29 08:31:40'),
(77, 5, NULL, 1111, '48ee7f79-a422-4b2e-81ce-3bf3e78c1313', 7980237815, NULL, NULL, 1, '2023-12-29 08:50:41'),
(78, 1, NULL, 1111, 'a4a35962-5ffc-4189-a148-c0bde85dd68f', 9330202696, NULL, NULL, 1, '2023-12-29 08:59:44'),
(79, 1, NULL, 1111, 'bd927326-ba83-4c79-88ef-5a891666cda7', 9330202696, NULL, NULL, 1, '2023-12-29 09:10:59'),
(80, NULL, NULL, 1111, 'cdbdb318-f6ea-44cd-8d40-90db513311a6', 9330202969, NULL, NULL, 1, '2023-12-29 09:11:52'),
(81, NULL, 2, 1111, 'c34aa592-f7b9-47b5-8f75-29143b6e2735', 9330202696, NULL, NULL, 1, '2023-12-29 09:12:43'),
(82, NULL, 3, 1111, '90bf91c3-1a63-41b4-9eae-fb0cfad69b4e', 7980237815, NULL, NULL, 1, '2023-12-29 09:15:37'),
(83, 1, NULL, 1111, '5d7ee841-cb28-416a-88ce-c8a451a16d2e', 9330202696, NULL, NULL, 1, '2023-12-29 09:18:37'),
(84, 1, NULL, 1111, 'cd5676a8-8127-417b-a9a7-603a49871a2d', 9330202696, NULL, NULL, 1, '2023-12-29 09:33:22'),
(85, NULL, 2, 1111, '1b667a74-6c5e-4c6f-bc6f-ca844d900d78', 9330202696, NULL, NULL, 1, '2023-12-29 09:36:56'),
(86, NULL, 2, 1111, 'fe1fe9b5-be51-43d5-a194-cf280d2f34d3', 9330202696, NULL, NULL, 1, '2023-12-29 09:37:54'),
(87, NULL, 2, 1111, '17b59463-45a8-45e5-838a-c3eca8cdd9bb', 9330202696, NULL, NULL, 0, '2023-12-29 09:37:54'),
(88, NULL, NULL, 1111, '9e6901a8-5a32-4dc5-885e-e7410a2b2cad', 8420419828, NULL, NULL, 1, '2023-12-29 09:51:02'),
(89, NULL, 1, 1111, '089d0c39-7aaf-41e6-91a6-8fd33f9c9d3f', 7687071070, NULL, NULL, 1, '2023-12-29 09:52:41'),
(90, NULL, 1, 1111, '61462a31-3385-43c5-9686-cc54979cb9f3', 7687071070, NULL, NULL, 0, '2023-12-29 09:57:49'),
(91, NULL, 1, 1111, '892e3135-b8ab-4a87-aa03-873db9a7b6f3', 7687071070, NULL, NULL, 1, '2023-12-29 09:57:49'),
(92, NULL, 1, 1111, '80efb592-ef96-4529-a4f5-d354b79163dc', 7687071070, NULL, NULL, 1, '2023-12-29 10:00:22'),
(93, 7, NULL, 1111, '3218daf9-051c-421e-97f9-88ece5d875c2', 8420419828, NULL, NULL, 1, '2023-12-29 11:00:33'),
(94, 1, NULL, 1111, '6916edda-938b-4c3c-87be-1adc23566f33', 9330202696, NULL, NULL, 1, '2023-12-29 11:13:52'),
(95, NULL, 1, 1111, '097009ad-2022-430c-b3e7-093566dc8090', 7687071070, NULL, NULL, 1, '2024-01-02 05:07:08'),
(96, NULL, 1, 1111, '3e323556-5b65-4a84-bf38-21a8e38f5802', 7687071070, NULL, NULL, 0, '2024-01-02 07:28:45'),
(97, NULL, 1, 1111, 'ed9ae887-4463-47d0-bbb8-7554d800d9ab', 7687071070, NULL, NULL, 1, '2024-01-02 07:29:01'),
(98, NULL, 1, 1111, '06892588-727b-47ff-9a28-e1d225fb762d', 7687071070, NULL, NULL, 0, '2024-01-02 07:29:01'),
(99, 3, NULL, 1111, '3e9a7dff-2160-4472-8aba-63c88b3253c5', 1234567890, NULL, NULL, 1, '2024-01-03 16:31:36'),
(100, 1, NULL, 1111, 'ac474d3f-edcf-4c59-9cd7-7149796f9f0e', 9330202696, NULL, NULL, 1, '2024-01-03 16:40:29'),
(101, NULL, NULL, 1111, '0bb78ad1-ac9f-414c-ad4b-064d69142955', 8013789437, NULL, NULL, 1, '2024-01-04 08:00:10'),
(102, 7, NULL, 1111, '0289208a-da3f-4ab5-89eb-d6db52b652d3', 8420419828, NULL, NULL, 1, '2024-01-04 08:11:31'),
(103, NULL, NULL, 1111, 'b7a73a12-b179-4e97-a663-4cb573b86e21', 1, NULL, NULL, 1, '2024-01-04 08:13:43'),
(104, NULL, NULL, 1111, 'eae7d179-7338-471c-8dc1-3537f9c133e2', 6134800203, NULL, NULL, 1, '2024-01-04 08:14:09'),
(105, 8, NULL, 1111, '655c2dc5-d92b-45b9-b7ff-4ed835aba9d0', 0, NULL, NULL, 1, '2024-01-04 08:14:24'),
(106, 8, NULL, 1111, '2d332de2-b394-4cf0-b436-2a3ca1d09428', 0, NULL, NULL, 1, '2024-01-04 08:14:28'),
(107, 9, NULL, 1111, '67dd20ed-9afe-41fe-9d64-6f54a7b7a38f', 8013789437, NULL, NULL, 1, '2024-01-04 08:19:46'),
(108, 1, NULL, 1111, 'b0070285-272a-4ff2-adaf-407faa327d04', 9330202696, NULL, NULL, 1, '2024-01-04 08:26:54'),
(109, 1, NULL, 1111, 'fb9f6901-a8f4-46b9-9238-0948cc77036c', 9330202696, NULL, NULL, 1, '2024-01-04 08:41:46'),
(110, 5, NULL, 1111, 'fe3c4409-8bad-4f1c-a0c3-bd9af6a7a27d', 7980237815, NULL, NULL, 1, '2024-01-04 09:32:17'),
(111, NULL, NULL, 1111, '0d85013d-8d4d-45ee-b335-79caa72c7173', 9830038919, NULL, NULL, 1, '2024-01-04 09:42:16'),
(112, NULL, NULL, 1111, '8771f120-c392-4808-b74d-cb4c9d478766', 8250371605, NULL, NULL, 1, '2024-01-04 10:00:44'),
(113, NULL, 1, 1111, '4835da13-f7a9-4cda-83f5-156cba394df5', 7687071070, NULL, NULL, 1, '2024-01-04 12:10:11'),
(114, NULL, 1, 1111, '77bbebc6-f851-4114-9294-6d2228ddd393', 7687071070, NULL, NULL, 0, '2024-01-04 12:10:11'),
(115, 1, NULL, 1111, 'f70c23d2-9fac-47b6-a575-dbaf6e3ccad1', 9330202696, NULL, NULL, 1, '2024-01-04 14:31:58'),
(116, NULL, NULL, 1111, '624b7b0c-9608-49c7-9507-1f4110350b79', 9748282444, NULL, NULL, 1, '2024-01-05 16:26:27'),
(117, NULL, 2, 1111, '77330432-0dd0-4889-a914-2a9f9573a632', 9330202696, NULL, NULL, 1, '2024-01-08 05:08:11'),
(118, 5, NULL, 1111, 'a2c2446e-bd7a-418f-bea8-f937c2161dde', 7980237815, NULL, NULL, 1, '2024-01-08 06:07:23'),
(119, 14, NULL, 1111, '6f7c784c-5e77-4dc7-980d-2f929212ec07', 9748282444, NULL, NULL, 1, '2024-01-08 11:09:09'),
(120, 1, NULL, 1111, '76b1d3af-356e-4691-a894-3023e987dd14', 9330202696, NULL, NULL, 1, '2024-01-08 11:16:07'),
(121, NULL, 1, 1111, '174d6fe6-bc7a-4acf-baad-8aa5841ca7a2', 7687071070, NULL, NULL, 0, '2024-01-09 05:24:15'),
(122, NULL, 1, 1111, '317aa86d-e5ea-472d-b26b-a79ea28402e5', 7687071070, NULL, NULL, 1, '2024-01-09 05:24:15'),
(123, NULL, 1, 1111, 'b702b0db-9204-4aca-9c50-c45910abf9d7', 7687071070, NULL, NULL, 1, '2024-01-09 06:12:01'),
(124, NULL, 1, 1111, '5ba948b3-0d5e-47dd-88f4-6cc770f6a109', 7687071070, NULL, NULL, 1, '2024-01-09 06:12:37'),
(125, NULL, 1, 1111, 'a68dd8c1-e21d-4709-b918-f914249b1012', 7687071070, NULL, NULL, 1, '2024-01-09 07:29:22'),
(126, NULL, 1, 1111, '81489197-6aee-41fb-9941-92e57e1bf016', 7687071070, NULL, NULL, 1, '2024-01-09 07:36:25'),
(127, NULL, 1, 1111, '4f812f94-1e8c-4c62-9e16-8f2cb95005a7', 7687071070, NULL, NULL, 1, '2024-01-09 07:37:26'),
(128, NULL, 1, 1111, '3b827f13-353b-4cf1-8f7f-220ffddee44b', 7687071070, NULL, NULL, 1, '2024-01-09 07:38:16'),
(129, NULL, 1, 1111, 'c956976d-3c72-4982-9db2-3906db4574e5', 7687071070, NULL, NULL, 1, '2024-01-09 07:39:37'),
(130, NULL, 1, 1111, '660f3972-edf8-4882-8208-4db8a2e67247', 7687071070, NULL, NULL, 1, '2024-01-09 07:45:09'),
(131, NULL, 1, 1111, '9b5b7ee2-b4f7-4f32-8a09-90f5ea441407', 7687071070, NULL, NULL, 1, '2024-01-09 07:45:43'),
(132, NULL, 1, 1111, '6ea1c47b-42bc-411a-b37f-332d680c2ed1', 7687071070, NULL, NULL, 1, '2024-01-09 07:51:27'),
(133, NULL, 1, 1111, '8c15989b-9df9-4412-aa22-02de1fe0c69c', 7687071070, NULL, NULL, 1, '2024-01-09 07:55:43'),
(134, NULL, 1, 1111, '38434b69-a5cc-49c5-980e-423ea57bdcd9', 7687071070, NULL, NULL, 1, '2024-01-09 07:56:53'),
(135, NULL, 1, 1111, '63d3ac67-c96f-4787-87f3-00028b58b084', 7687071070, NULL, NULL, 1, '2024-01-09 08:09:27'),
(136, NULL, 1, 1111, 'e254989e-90b3-4d46-b12c-c45f41279de2', 7687071070, NULL, NULL, 1, '2024-01-09 09:26:26'),
(137, NULL, 1, 1111, 'f1f90c63-6a53-42e0-bbd9-b1c3f35b5ca5', 7687071070, NULL, NULL, 1, '2024-01-09 09:27:17'),
(138, NULL, 1, 1111, 'b9eec721-997d-4b2f-afba-fe54538dd291', 7687071070, NULL, NULL, 1, '2024-01-09 09:27:58'),
(139, NULL, 1, 1111, '5ccf3a27-e55c-4785-b51d-bc8542d20a04', 7687071070, NULL, NULL, 1, '2024-01-09 09:50:01'),
(140, NULL, 1, 1111, '9ce6111a-97d6-4f80-b226-f70b5c034bd5', 7687071070, NULL, NULL, 1, '2024-01-09 09:56:46'),
(141, NULL, 1, 1111, 'ed8dd7ef-83f5-4c6a-bd2a-7ce7178fd576', 7687071070, NULL, NULL, 1, '2024-01-09 10:22:05'),
(142, 1, NULL, 1111, '28ba7891-c27e-43ee-ba42-ad4763690a8f', 9330202696, NULL, NULL, 1, '2024-01-10 12:20:40'),
(143, NULL, 1, 1111, 'cad40c73-d650-41cc-82f5-ce83dfa69b6b', 7687071070, NULL, NULL, 1, '2024-01-11 05:23:05'),
(144, NULL, NULL, 1111, 'ee742c4e-d81f-43c1-9811-1aa897f15cff', 6386849055, NULL, NULL, 1, '2024-01-11 18:24:14'),
(145, 15, NULL, 1111, '2d7fa42c-7170-4d5e-a3b9-15e13feebf6c', 6386849055, NULL, NULL, 1, '2024-01-11 23:50:07'),
(146, 7, NULL, 1111, '1bb1155c-92e2-4e43-bd38-add45d33794f', 8420419828, NULL, NULL, 0, '2024-01-12 05:25:37'),
(147, 7, NULL, 1111, '9d480006-7312-4f61-bbcd-a1153f54dbfa', NULL, 'h@gmail.com', NULL, 0, '2024-01-12 05:26:04'),
(148, 1, NULL, 1111, '6ff426e7-5526-4ff0-9e60-0ec3a69d2bfb', 9330202696, NULL, NULL, 1, '2024-01-12 05:28:16'),
(149, 1, NULL, 1111, '9af58f4d-bcf0-4639-9eb0-a10df782d315', 9330202696, NULL, NULL, 1, '2024-01-12 05:33:32'),
(150, NULL, NULL, 1111, '8e755adf-d333-4a9d-a5c5-5f2ec678a961', 2345678901, NULL, NULL, 1, '2024-01-12 05:37:42'),
(151, 15, NULL, 1111, '5cb2f56f-21cf-4928-9d6b-142803f9fb50', 6386849055, NULL, NULL, 1, '2024-01-12 06:00:21'),
(152, 7, NULL, 1111, '7b2bed36-7e77-48ff-b845-c778a88c9b80', NULL, 'h@gmail.com', NULL, 0, '2024-01-12 08:30:16'),
(153, 1, NULL, 1111, '340e95b0-8876-4f4d-a667-50dd4a493e52', 9330202696, NULL, NULL, 1, '2024-01-12 13:03:04'),
(154, 8, NULL, 1111, '80e0bf2f-4d5b-480f-90b4-c04f410f34fe', 0, NULL, NULL, 1, '2024-01-15 02:49:53'),
(155, 1, NULL, 1111, 'fc981684-cea5-44e9-8aeb-9119ec94b52b', 9330202696, NULL, NULL, 1, '2024-01-15 07:48:44'),
(156, NULL, 1, 1111, 'ec844031-8960-446e-915f-76237cca66c2', 7687071070, NULL, NULL, 1, '2024-01-15 09:35:53'),
(157, NULL, 2, 1111, 'b24e1458-4628-4d14-9124-d2ac874ad28a', 9330202696, NULL, NULL, 1, '2024-01-15 09:38:44'),
(158, NULL, 1, 1111, 'c44c9c50-b33c-4f0c-a83f-bcb5870823dc', 7687071070, NULL, NULL, 1, '2024-01-15 09:43:19'),
(159, NULL, NULL, 1111, 'b8e07edc-3b08-4f9d-a4e2-a7510273088d', 3456789012, NULL, NULL, 1, '2024-01-15 10:18:23'),
(160, 1, NULL, 1111, 'cba22b85-e279-4163-97cd-4ef0da302baf', 9330202696, NULL, NULL, 1, '2024-01-15 11:55:03'),
(161, 1, NULL, 1111, 'a5ccb044-6c4e-4bcf-b438-e3b872e66721', 9330202696, NULL, NULL, 1, '2024-01-16 09:20:12'),
(162, NULL, NULL, 1111, 'be01daa2-c742-4f43-bd1c-aecb936e0a18', 8318028182, NULL, NULL, 1, '2024-01-16 14:19:03'),
(163, 1, NULL, 1111, 'b4cd93a4-5564-4939-a5c3-26c4e2ac7c40', 9330202696, NULL, NULL, 1, '2024-01-17 10:08:43'),
(164, 1, NULL, 1111, 'fb2ef0a5-eee2-4546-96b0-afdb89bdad93', 9330202696, NULL, NULL, 1, '2024-01-17 13:37:12'),
(165, 8, NULL, 1111, 'cb334313-7808-4dc6-b8fb-f90d967dd204', 0, NULL, NULL, 1, '2024-01-23 05:53:15'),
(166, NULL, 1, 1111, '02279b0d-1a09-48b3-b3e0-7d9ea696a6a5', 7687071070, NULL, NULL, 1, '2024-01-27 07:23:56'),
(167, 8, NULL, 1111, '1919b7f3-c497-4dc5-ae47-3f55a068d8dc', 0, NULL, NULL, 1, '2024-01-31 02:46:45'),
(168, 7, NULL, 1111, 'f2234c8d-ea6f-4c51-b755-88db1eb08e8a', 8420419828, NULL, NULL, 1, '2024-02-05 07:56:52'),
(169, NULL, NULL, 1111, 'be60265e-d1b2-4aa8-a1f3-0de39f769338', 1236547896, NULL, NULL, 1, '2024-02-05 07:57:12'),
(170, 8, NULL, 1111, 'e9e30cf4-7280-417e-9267-447beb3f3965', 0, NULL, NULL, 1, '2024-02-10 04:06:55'),
(171, 8, NULL, 1111, 'ef51d349-8bbb-42ed-8a00-3840a1ab8c88', 0, NULL, NULL, 1, '2024-02-10 04:06:56'),
(172, 8, NULL, 1111, '1c7854dd-3484-4f8a-b1a7-24e05e6e8fa8', 0, NULL, NULL, 1, '2024-02-10 04:38:20'),
(173, 8, NULL, 1111, 'd2bca72a-9753-4dfa-b0d4-2b9baa5faf9b', 0, NULL, NULL, 1, '2024-02-22 06:00:53'),
(174, 1, NULL, 1111, 'f3fa58d9-fe70-455b-8bca-bb0ea0fdea0b', 9330202696, NULL, NULL, 1, '2024-03-05 04:51:42'),
(175, 1, NULL, 1111, '62856cea-a06d-48b4-91cc-7230fd3d7462', 9330202696, NULL, NULL, 1, '2024-03-07 05:00:52'),
(176, NULL, 1, 1111, 'b5e095e4-9510-4ff0-8c34-074da091ccc6', 7687071070, NULL, NULL, 1, '2024-03-12 11:53:41'),
(177, 7, NULL, 1111, 'e1a1c2e0-62ba-48d5-8b5e-aa45b216c9c2', 8420419828, NULL, NULL, 1, '2024-03-13 18:38:11'),
(178, NULL, 3, 1111, 'e8fae055-71d0-44a9-b48e-4ef2c4656a6b', 7980237815, NULL, NULL, 1, '2024-03-22 07:05:47'),
(179, 15, NULL, 1111, '82a42c84-9ed7-4ede-8c7b-904f3111e743', 6386849055, NULL, NULL, 1, '2024-03-26 01:33:52'),
(180, 8, NULL, 1111, 'e8538b8e-f9bc-42e2-8654-ed0a32f3b12c', 0, NULL, NULL, 1, '2024-03-29 23:29:47'),
(181, 1, NULL, 1111, '3ce1521b-9e42-4ef8-9895-7b09b956335d', 9330202696, NULL, NULL, 1, '2024-04-02 08:53:53'),
(182, 1, NULL, 1111, '84bc8aac-543d-4481-8a13-bee264dcbe1d', 9330202696, NULL, NULL, 1, '2024-04-02 09:03:01'),
(183, 1, NULL, 1111, '7d44c3d0-abe2-46d9-84ac-8c2cc4bad755', 9330202696, NULL, NULL, 1, '2024-04-09 04:53:59'),
(184, 1, NULL, 1111, 'd31fc04c-f6a2-4984-855a-40f5d861cb10', 9330202696, NULL, NULL, 1, '2024-04-09 04:59:46'),
(185, 1, NULL, 1111, '149b4346-ef45-4d0f-adfd-d17f2d872efa', 9330202696, NULL, NULL, 1, '2024-04-09 10:54:52'),
(186, NULL, 3, 1111, '47714549-0509-453d-8e82-faaf1d599a5a', 7980237815, NULL, NULL, 1, '2024-04-12 08:28:34'),
(187, NULL, NULL, 1111, '948908d9-f938-4032-841e-80e866edb59f', 5532942389, NULL, NULL, 0, '2024-04-14 04:07:04'),
(188, NULL, 3, 1111, '81be7e1b-3dad-4ca1-84ac-150ee3b0a127', 7980237815, NULL, NULL, 0, '2024-04-15 10:39:46'),
(189, NULL, 3, 1111, 'ec970c96-6006-460f-8e47-0a14fd6d2a1c', 7980237815, NULL, NULL, 0, '2024-04-15 10:40:10'),
(190, NULL, 3, 1111, '668e07d8-b0e4-4da1-a293-81cc3b356c53', 7980237815, NULL, NULL, 1, '2024-04-15 11:02:33'),
(191, NULL, 3, 1111, 'c3d56915-9ca5-4be2-9ce5-6dfdefa309f1', 7980237815, NULL, NULL, 1, '2024-04-15 13:28:11'),
(192, NULL, 3, 1111, '9303c8df-48f7-4086-855b-7b2ff2dcf055', 7980237815, NULL, NULL, 1, '2024-04-16 06:10:57'),
(193, NULL, 3, 1111, '0ebe1c57-6fd0-48d8-b2f4-cb0ad73297b3', 7980237815, NULL, NULL, 1, '2024-04-16 11:32:25'),
(194, NULL, NULL, 1111, '09e16d31-2f5f-4ee1-a46c-4f263b70f7d3', 1234567890, NULL, NULL, 1, '2024-04-18 04:38:06'),
(195, 1, NULL, 1111, '618bbde2-3b61-46a8-a1ef-db9aabab94b6', 9330202696, NULL, NULL, 1, '2024-04-18 06:46:09'),
(196, NULL, 6, 1111, '057535e6-ae7e-4fac-ba0d-aa7ce4cb5fe4', 1234567890, NULL, NULL, 1, '2024-04-18 07:38:48'),
(197, NULL, 3, 1111, '256b2aa7-0941-4936-b273-b79742c2ea9c', 7980237815, NULL, NULL, 1, '2024-04-18 10:13:22'),
(198, NULL, 3, 1111, '3bcea16b-99a2-4e62-9cc8-63efee8c6126', 7980237815, NULL, NULL, 1, '2024-04-18 10:31:24'),
(199, NULL, 6, 1111, '3fb86a5a-d680-4e8a-b7e2-c851b60b35a1', 1234567890, NULL, NULL, 1, '2024-04-18 10:33:33'),
(200, 7, NULL, 1111, '276e79f9-9132-4801-8854-a4987e241a3e', 8420419828, NULL, NULL, 1, '2024-04-23 07:32:53'),
(201, 7, NULL, 1111, '12edd3fe-77d4-4fe6-b492-7b62966232c0', 8420419828, NULL, NULL, 1, '2024-04-23 07:51:28'),
(202, 7, NULL, 1111, '392099d0-d536-4dec-b99b-506d7f7cd22d', 8420419828, NULL, NULL, 1, '2024-04-23 08:58:25'),
(203, 7, NULL, 1111, 'f6ec730d-4d39-4c55-b734-4fba28a6fac1', 8420419828, NULL, NULL, 1, '2024-04-23 10:46:26'),
(204, 7, NULL, 1111, '3680b8ea-e9d3-4a2a-84c7-c8d298d8a77f', 8420419828, NULL, NULL, 1, '2024-04-23 12:32:38');

-- --------------------------------------------------------

--
-- Table structure for table `platform`
--

CREATE TABLE `platform` (
  `platform_id` int NOT NULL,
  `platform_name` varchar(255) COLLATE utf8mb4_unicode_ci DEFAULT NULL,
  `platform_img` varchar(255) COLLATE utf8mb4_unicode_ci DEFAULT NULL,
  `delete_flag` tinyint DEFAULT '0',
  `createdAt` datetime NOT NULL
) ENGINE=InnoDB DEFAULT CHARSET=utf8mb4 COLLATE=utf8mb4_unicode_ci;

--
-- Dumping data for table `platform`
--

INSERT INTO `platform` (`platform_id`, `platform_name`, `platform_img`, `delete_flag`, `createdAt`) VALUES
(1, 'Facebook', 'https://upload.wikimedia.org/wikipedia/en/thumb/0/04/Facebook_f_logo_%282021%29.svg/1200px-Facebook_f_logo_%282021%29.svg.png', 0, '2023-08-30 16:49:14'),
(2, 'Instagram', 'https://toppng.com/uploads/preview/instagram-logo-circle-11549679754rhbcorxntv.png', 0, '2023-08-30 16:49:14'),
(3, 'Youtube', 'https://static.vecteezy.com/system/resources/thumbnails/023/986/704/small/youtube-logo-youtube-logo-transparent-youtube-icon-transparent-free-free-png.png', 0, '2023-08-30 16:49:14');

-- --------------------------------------------------------

--
-- Table structure for table `state`
--

CREATE TABLE `state` (
  `state_id` int NOT NULL,
  `state_name` varchar(255) COLLATE utf8mb4_unicode_ci NOT NULL,
  `delete_flag` tinyint DEFAULT '0',
  `createdAt` datetime NOT NULL
) ENGINE=InnoDB DEFAULT CHARSET=utf8mb4 COLLATE=utf8mb4_unicode_ci;

--
-- Dumping data for table `state`
--

INSERT INTO `state` (`state_id`, `state_name`, `delete_flag`, `createdAt`) VALUES
(1, 'West Bengal', 0, '2023-08-02 06:00:58'),
(5, 'Andhra Pradesh', 0, '2023-12-20 13:37:45');

-- --------------------------------------------------------

--
-- Table structure for table `target_adience_age_group`
--

CREATE TABLE `target_adience_age_group` (
  `target_adience_age_group_id` int NOT NULL,
  `target_adience_age_group` varchar(255) COLLATE utf8mb4_unicode_ci NOT NULL,
  `delete_flag` tinyint DEFAULT '0',
  `createdAt` datetime NOT NULL
) ENGINE=InnoDB DEFAULT CHARSET=utf8mb4 COLLATE=utf8mb4_unicode_ci;

--
-- Dumping data for table `target_adience_age_group`
--

INSERT INTO `target_adience_age_group` (`target_adience_age_group_id`, `target_adience_age_group`, `delete_flag`, `createdAt`) VALUES
(1, '18', 0, '2023-12-19 14:46:50'),
(2, '19', 0, '2023-12-19 14:46:50');

-- --------------------------------------------------------

--
-- Table structure for table `target_audience_gender`
--

CREATE TABLE `target_audience_gender` (
  `target_audience_gender_id` int NOT NULL,
  `target_audience_gender_name` varchar(255) COLLATE utf8mb4_unicode_ci NOT NULL,
  `delete_flag` tinyint DEFAULT '0',
  `createdAt` datetime NOT NULL
) ENGINE=InnoDB DEFAULT CHARSET=utf8mb4 COLLATE=utf8mb4_unicode_ci;

--
-- Dumping data for table `target_audience_gender`
--

INSERT INTO `target_audience_gender` (`target_audience_gender_id`, `target_audience_gender_name`, `delete_flag`, `createdAt`) VALUES
(1, 'male', 0, '2023-12-19 14:47:13'),
(2, 'female', 0, '2023-12-19 14:47:13');

--
-- Indexes for dumped tables
--

--
-- Indexes for table `access_tokens`
--
ALTER TABLE `access_tokens`
  ADD PRIMARY KEY (`access_tokens_id`),
  ADD KEY `influencer_id` (`influencer_id`),
  ADD KEY `brand_id` (`brand_id`);

--
-- Indexes for table `application_status`
--
ALTER TABLE `application_status`
  ADD PRIMARY KEY (`application_status_id`);

--
-- Indexes for table `brand`
--
ALTER TABLE `brand`
  ADD PRIMARY KEY (`brands_id`),
  ADD KEY `city_id` (`city_id`),
  ADD KEY `state_id` (`state_id`),
  ADD KEY `brand_type_id` (`brand_type_id`);

--
-- Indexes for table `brands_file`
--
ALTER TABLE `brands_file`
  ADD PRIMARY KEY (`brands_file_id`),
  ADD KEY `brand_id` (`brand_id`);

--
-- Indexes for table `brand_industry`
--
ALTER TABLE `brand_industry`
  ADD PRIMARY KEY (`brand_industry_id`),
  ADD KEY `brand_id` (`brand_id`),
  ADD KEY `industry_id` (`industry_id`);

--
-- Indexes for table `brand_type`
--
ALTER TABLE `brand_type`
  ADD PRIMARY KEY (`brand_type_id`);

--
-- Indexes for table `campaign`
--
ALTER TABLE `campaign`
  ADD PRIMARY KEY (`campaign_id`),
  ADD KEY `brand_id` (`brand_id`),
  ADD KEY `campaign_goal_id` (`campaign_goal_id`),
  ADD KEY `campaign_status_id` (`campaign_status_id`),
  ADD KEY `payment_status_id` (`payment_status_id`);

--
-- Indexes for table `campaign_application`
--
ALTER TABLE `campaign_application`
  ADD PRIMARY KEY (`campaign_applied_id`),
  ADD KEY `influencer_id` (`influencer_id`),
  ADD KEY `campaign_id` (`campaign_id`),
  ADD KEY `application_status_id` (`application_status_id`),
  ADD KEY `campaign_status_id` (`campaign_status_id`);

--
-- Indexes for table `campaign_application_content`
--
ALTER TABLE `campaign_application_content`
  ADD PRIMARY KEY (`campaign_application_content_id`),
  ADD KEY `campaign_applied_id` (`campaign_applied_id`);

--
-- Indexes for table `campaign_application_link`
--
ALTER TABLE `campaign_application_link`
  ADD PRIMARY KEY (`campaign_application_link_id`),
  ADD KEY `campaign_applied_id` (`campaign_applied_id`);

--
-- Indexes for table `campaign_budget`
--
ALTER TABLE `campaign_budget`
  ADD PRIMARY KEY (`campaign_budget_id`);

--
-- Indexes for table `campaign_content_niche`
--
ALTER TABLE `campaign_content_niche`
  ADD PRIMARY KEY (`campaign_content_niche_id`),
  ADD KEY `campaign_id` (`campaign_id`),
  ADD KEY `content_niche_id` (`content_niche_id`);

--
-- Indexes for table `campaign_deliverables`
--
ALTER TABLE `campaign_deliverables`
  ADD PRIMARY KEY (`campaign_deliverables_id`),
  ADD KEY `campaign_id` (`campaign_id`),
  ADD KEY `influencer_type_id` (`influencer_type_id`);

--
-- Indexes for table `campaign_goal`
--
ALTER TABLE `campaign_goal`
  ADD PRIMARY KEY (`campaign_goal_id`);

--
-- Indexes for table `campaign_images`
--
ALTER TABLE `campaign_images`
  ADD PRIMARY KEY (`campaign_images_id`),
  ADD KEY `campaign_id` (`campaign_id`);

--
-- Indexes for table `campaign_language`
--
ALTER TABLE `campaign_language`
  ADD PRIMARY KEY (`campaign_language_id`),
  ADD KEY `language_id` (`language_id`),
  ADD KEY `campaign_id` (`campaign_id`);

--
-- Indexes for table `campaign_number_of_influencers`
--
ALTER TABLE `campaign_number_of_influencers`
  ADD PRIMARY KEY (`campaign_number_of_influencers_id`),
  ADD KEY `campaign_id` (`campaign_id`);

--
-- Indexes for table `campaign_payment_type`
--
ALTER TABLE `campaign_payment_type`
  ADD PRIMARY KEY (`campaign_payment_type_id`);

--
-- Indexes for table `campaign_platform`
--
ALTER TABLE `campaign_platform`
  ADD PRIMARY KEY (`campaign_platform_id`),
  ADD KEY `platform_id` (`platform_id`),
  ADD KEY `campaign_id` (`campaign_id`);

--
-- Indexes for table `campaign_status`
--
ALTER TABLE `campaign_status`
  ADD PRIMARY KEY (`campaign_status_id`);

--
-- Indexes for table `campaign_target_adience_age_group`
--
ALTER TABLE `campaign_target_adience_age_group`
  ADD PRIMARY KEY (`campaign_target_adience_age_group_id`),
  ADD KEY `campaign_id` (`campaign_id`),
  ADD KEY `target_adience_age_group_id` (`target_adience_age_group_id`);

--
-- Indexes for table `campaign_target_audience_gender`
--
ALTER TABLE `campaign_target_audience_gender`
  ADD PRIMARY KEY (`campaign_target_audience_gender_id`),
  ADD KEY `campaign_id` (`campaign_id`),
  ADD KEY `target_audience_gender_id` (`target_audience_gender_id`);

--
-- Indexes for table `city`
--
ALTER TABLE `city`
  ADD PRIMARY KEY (`city_id`),
  ADD KEY `state_id` (`state_id`);

--
-- Indexes for table `comments`
--
ALTER TABLE `comments`
  ADD PRIMARY KEY (`comment_id`),
  ADD KEY `campaign_applied_id` (`campaign_applied_id`),
  ADD KEY `influencer_id` (`influencer_id`),
  ADD KEY `brand_id` (`brand_id`);

--
-- Indexes for table `configuration`
--
ALTER TABLE `configuration`
  ADD PRIMARY KEY (`configuration_id`);

--
-- Indexes for table `content_niche`
--
ALTER TABLE `content_niche`
  ADD PRIMARY KEY (`content_niche_id`);

--
-- Indexes for table `favourite_influencer`
--
ALTER TABLE `favourite_influencer`
  ADD PRIMARY KEY (`favourite_influencer_id`),
  ADD KEY `influencer_id` (`influencer_id`),
  ADD KEY `brand_id` (`brand_id`);

--
-- Indexes for table `fb_access_tokens`
--
ALTER TABLE `fb_access_tokens`
  ADD PRIMARY KEY (`influencer_social_tokens_id`);

--
-- Indexes for table `industry`
--
ALTER TABLE `industry`
  ADD PRIMARY KEY (`industry_id`);

--
-- Indexes for table `influencer`
--
ALTER TABLE `influencer`
  ADD PRIMARY KEY (`influencer_id`);

--
-- Indexes for table `influencer_address`
--
ALTER TABLE `influencer_address`
  ADD PRIMARY KEY (`influencer_address_id`),
  ADD KEY `influencer_id` (`influencer_id`),
  ADD KEY `city_id` (`city_id`),
  ADD KEY `state_id` (`state_id`);

--
-- Indexes for table `influencer_content_niche`
--
ALTER TABLE `influencer_content_niche`
  ADD PRIMARY KEY (`influencer_content_niche_id`),
  ADD KEY `influencer_id` (`influencer_id`),
  ADD KEY `content_niche_id` (`content_niche_id`);

--
-- Indexes for table `influencer_facebook`
--
ALTER TABLE `influencer_facebook`
  ADD PRIMARY KEY (`influencer_facebook_id`),
  ADD KEY `influencer_id` (`influencer_id`);

--
-- Indexes for table `influencer_facebook_post`
--
ALTER TABLE `influencer_facebook_post`
  ADD PRIMARY KEY (`influencer_facebook_post_id`),
  ADD KEY `influencer_id` (`influencer_id`);

--
-- Indexes for table `influencer_file`
--
ALTER TABLE `influencer_file`
  ADD PRIMARY KEY (`influencer_file_id`),
  ADD KEY `influencer_id` (`influencer_id`);

--
-- Indexes for table `influencer_instagram`
--
ALTER TABLE `influencer_instagram`
  ADD PRIMARY KEY (`influencer_instagram_id`),
  ADD KEY `influencer_id` (`influencer_id`);

--
-- Indexes for table `influencer_instagram_post`
--
ALTER TABLE `influencer_instagram_post`
  ADD PRIMARY KEY (`influencer_instagram_post_id`),
  ADD KEY `influencer_id` (`influencer_id`);

--
-- Indexes for table `influencer_language`
--
ALTER TABLE `influencer_language`
  ADD PRIMARY KEY (`influencer_language_id`),
  ADD KEY `language_id` (`language_id`),
  ADD KEY `influencer_id` (`influencer_id`);

--
-- Indexes for table `influencer_price`
--
ALTER TABLE `influencer_price`
  ADD PRIMARY KEY (`influencer_price_id`),
  ADD KEY `influencer_id` (`influencer_id`);

--
-- Indexes for table `influencer_profile_status`
--
ALTER TABLE `influencer_profile_status`
  ADD PRIMARY KEY (`influencer_profile_status_id`),
  ADD KEY `influencer_id` (`influencer_id`);

--
-- Indexes for table `influencer_type`
--
ALTER TABLE `influencer_type`
  ADD PRIMARY KEY (`influencer_type_id`);

--
-- Indexes for table `influencer_youtube`
--
ALTER TABLE `influencer_youtube`
  ADD PRIMARY KEY (`influencer_youtube_id`),
  ADD KEY `influencer_id` (`influencer_id`);

--
-- Indexes for table `language`
--
ALTER TABLE `language`
  ADD PRIMARY KEY (`language_id`);

--
-- Indexes for table `otp`
--
ALTER TABLE `otp`
  ADD PRIMARY KEY (`otp_id`),
  ADD KEY `influencer_id` (`influencer_id`),
  ADD KEY `brand_id` (`brand_id`);

--
-- Indexes for table `platform`
--
ALTER TABLE `platform`
  ADD PRIMARY KEY (`platform_id`);

--
-- Indexes for table `state`
--
ALTER TABLE `state`
  ADD PRIMARY KEY (`state_id`);

--
-- Indexes for table `target_adience_age_group`
--
ALTER TABLE `target_adience_age_group`
  ADD PRIMARY KEY (`target_adience_age_group_id`);

--
-- Indexes for table `target_audience_gender`
--
ALTER TABLE `target_audience_gender`
  ADD PRIMARY KEY (`target_audience_gender_id`);

--
-- AUTO_INCREMENT for dumped tables
--

--
-- AUTO_INCREMENT for table `access_tokens`
--
ALTER TABLE `access_tokens`
  MODIFY `access_tokens_id` int NOT NULL AUTO_INCREMENT, AUTO_INCREMENT=190;

--
-- AUTO_INCREMENT for table `application_status`
--
ALTER TABLE `application_status`
  MODIFY `application_status_id` int NOT NULL AUTO_INCREMENT, AUTO_INCREMENT=6;

--
-- AUTO_INCREMENT for table `brand`
--
ALTER TABLE `brand`
  MODIFY `brands_id` int NOT NULL AUTO_INCREMENT, AUTO_INCREMENT=7;

--
-- AUTO_INCREMENT for table `brands_file`
--
ALTER TABLE `brands_file`
  MODIFY `brands_file_id` int NOT NULL AUTO_INCREMENT;

--
-- AUTO_INCREMENT for table `brand_industry`
--
ALTER TABLE `brand_industry`
  MODIFY `brand_industry_id` int NOT NULL AUTO_INCREMENT, AUTO_INCREMENT=5;

--
-- AUTO_INCREMENT for table `brand_type`
--
ALTER TABLE `brand_type`
  MODIFY `brand_type_id` int NOT NULL AUTO_INCREMENT, AUTO_INCREMENT=4;

--
-- AUTO_INCREMENT for table `campaign`
--
ALTER TABLE `campaign`
  MODIFY `campaign_id` int NOT NULL AUTO_INCREMENT, AUTO_INCREMENT=15;

--
-- AUTO_INCREMENT for table `campaign_application`
--
ALTER TABLE `campaign_application`
  MODIFY `campaign_applied_id` int NOT NULL AUTO_INCREMENT, AUTO_INCREMENT=35;

--
-- AUTO_INCREMENT for table `campaign_application_content`
--
ALTER TABLE `campaign_application_content`
  MODIFY `campaign_application_content_id` int NOT NULL AUTO_INCREMENT, AUTO_INCREMENT=30;

--
-- AUTO_INCREMENT for table `campaign_application_link`
--
ALTER TABLE `campaign_application_link`
  MODIFY `campaign_application_link_id` int NOT NULL AUTO_INCREMENT;

--
-- AUTO_INCREMENT for table `campaign_budget`
--
ALTER TABLE `campaign_budget`
  MODIFY `campaign_budget_id` int NOT NULL AUTO_INCREMENT;

--
-- AUTO_INCREMENT for table `campaign_content_niche`
--
ALTER TABLE `campaign_content_niche`
  MODIFY `campaign_content_niche_id` int NOT NULL AUTO_INCREMENT, AUTO_INCREMENT=20;

--
-- AUTO_INCREMENT for table `campaign_deliverables`
--
ALTER TABLE `campaign_deliverables`
  MODIFY `campaign_deliverables_id` int NOT NULL AUTO_INCREMENT, AUTO_INCREMENT=42;

--
-- AUTO_INCREMENT for table `campaign_goal`
--
ALTER TABLE `campaign_goal`
  MODIFY `campaign_goal_id` int NOT NULL AUTO_INCREMENT, AUTO_INCREMENT=4;

--
-- AUTO_INCREMENT for table `campaign_images`
--
ALTER TABLE `campaign_images`
  MODIFY `campaign_images_id` int NOT NULL AUTO_INCREMENT, AUTO_INCREMENT=33;

--
-- AUTO_INCREMENT for table `campaign_language`
--
ALTER TABLE `campaign_language`
  MODIFY `campaign_language_id` int NOT NULL AUTO_INCREMENT, AUTO_INCREMENT=25;

--
-- AUTO_INCREMENT for table `campaign_number_of_influencers`
--
ALTER TABLE `campaign_number_of_influencers`
  MODIFY `campaign_number_of_influencers_id` int NOT NULL AUTO_INCREMENT, AUTO_INCREMENT=11;

--
-- AUTO_INCREMENT for table `campaign_payment_type`
--
ALTER TABLE `campaign_payment_type`
  MODIFY `campaign_payment_type_id` int NOT NULL AUTO_INCREMENT, AUTO_INCREMENT=3;

--
-- AUTO_INCREMENT for table `campaign_platform`
--
ALTER TABLE `campaign_platform`
  MODIFY `campaign_platform_id` int NOT NULL AUTO_INCREMENT, AUTO_INCREMENT=57;

--
-- AUTO_INCREMENT for table `campaign_status`
--
ALTER TABLE `campaign_status`
  MODIFY `campaign_status_id` int NOT NULL AUTO_INCREMENT, AUTO_INCREMENT=3;

--
-- AUTO_INCREMENT for table `campaign_target_adience_age_group`
--
ALTER TABLE `campaign_target_adience_age_group`
  MODIFY `campaign_target_adience_age_group_id` int NOT NULL AUTO_INCREMENT, AUTO_INCREMENT=20;

--
-- AUTO_INCREMENT for table `campaign_target_audience_gender`
--
ALTER TABLE `campaign_target_audience_gender`
  MODIFY `campaign_target_audience_gender_id` int NOT NULL AUTO_INCREMENT, AUTO_INCREMENT=20;

--
-- AUTO_INCREMENT for table `city`
--
ALTER TABLE `city`
  MODIFY `city_id` int NOT NULL AUTO_INCREMENT, AUTO_INCREMENT=29;

--
-- AUTO_INCREMENT for table `comments`
--
ALTER TABLE `comments`
  MODIFY `comment_id` int NOT NULL AUTO_INCREMENT, AUTO_INCREMENT=46;

--
-- AUTO_INCREMENT for table `configuration`
--
ALTER TABLE `configuration`
  MODIFY `configuration_id` int NOT NULL AUTO_INCREMENT;

--
-- AUTO_INCREMENT for table `content_niche`
--
ALTER TABLE `content_niche`
  MODIFY `content_niche_id` int NOT NULL AUTO_INCREMENT, AUTO_INCREMENT=14;

--
-- AUTO_INCREMENT for table `favourite_influencer`
--
ALTER TABLE `favourite_influencer`
  MODIFY `favourite_influencer_id` int NOT NULL AUTO_INCREMENT, AUTO_INCREMENT=5;

--
-- AUTO_INCREMENT for table `fb_access_tokens`
--
ALTER TABLE `fb_access_tokens`
  MODIFY `influencer_social_tokens_id` int NOT NULL AUTO_INCREMENT;

--
-- AUTO_INCREMENT for table `industry`
--
ALTER TABLE `industry`
  MODIFY `industry_id` int NOT NULL AUTO_INCREMENT, AUTO_INCREMENT=4;

--
-- AUTO_INCREMENT for table `influencer`
--
ALTER TABLE `influencer`
  MODIFY `influencer_id` int NOT NULL AUTO_INCREMENT, AUTO_INCREMENT=21;

--
-- AUTO_INCREMENT for table `influencer_address`
--
ALTER TABLE `influencer_address`
  MODIFY `influencer_address_id` int NOT NULL AUTO_INCREMENT, AUTO_INCREMENT=12;

--
-- AUTO_INCREMENT for table `influencer_content_niche`
--
ALTER TABLE `influencer_content_niche`
  MODIFY `influencer_content_niche_id` int NOT NULL AUTO_INCREMENT, AUTO_INCREMENT=47;

--
-- AUTO_INCREMENT for table `influencer_facebook`
--
ALTER TABLE `influencer_facebook`
  MODIFY `influencer_facebook_id` int NOT NULL AUTO_INCREMENT;

--
-- AUTO_INCREMENT for table `influencer_facebook_post`
--
ALTER TABLE `influencer_facebook_post`
  MODIFY `influencer_facebook_post_id` int NOT NULL AUTO_INCREMENT;

--
-- AUTO_INCREMENT for table `influencer_file`
--
ALTER TABLE `influencer_file`
  MODIFY `influencer_file_id` int NOT NULL AUTO_INCREMENT;

--
-- AUTO_INCREMENT for table `influencer_instagram`
--
ALTER TABLE `influencer_instagram`
  MODIFY `influencer_instagram_id` int NOT NULL AUTO_INCREMENT;

--
-- AUTO_INCREMENT for table `influencer_instagram_post`
--
ALTER TABLE `influencer_instagram_post`
  MODIFY `influencer_instagram_post_id` int NOT NULL AUTO_INCREMENT;

--
-- AUTO_INCREMENT for table `influencer_language`
--
ALTER TABLE `influencer_language`
  MODIFY `influencer_language_id` int NOT NULL AUTO_INCREMENT, AUTO_INCREMENT=20;

--
-- AUTO_INCREMENT for table `influencer_price`
--
ALTER TABLE `influencer_price`
  MODIFY `influencer_price_id` int NOT NULL AUTO_INCREMENT, AUTO_INCREMENT=7;

--
-- AUTO_INCREMENT for table `influencer_profile_status`
--
ALTER TABLE `influencer_profile_status`
  MODIFY `influencer_profile_status_id` int NOT NULL AUTO_INCREMENT, AUTO_INCREMENT=9;

--
-- AUTO_INCREMENT for table `influencer_type`
--
ALTER TABLE `influencer_type`
  MODIFY `influencer_type_id` int NOT NULL AUTO_INCREMENT, AUTO_INCREMENT=6;

--
-- AUTO_INCREMENT for table `influencer_youtube`
--
ALTER TABLE `influencer_youtube`
  MODIFY `influencer_youtube_id` int NOT NULL AUTO_INCREMENT;

--
-- AUTO_INCREMENT for table `language`
--
ALTER TABLE `language`
  MODIFY `language_id` int NOT NULL AUTO_INCREMENT, AUTO_INCREMENT=11;

--
-- AUTO_INCREMENT for table `otp`
--
ALTER TABLE `otp`
  MODIFY `otp_id` int NOT NULL AUTO_INCREMENT, AUTO_INCREMENT=205;

--
-- AUTO_INCREMENT for table `platform`
--
ALTER TABLE `platform`
  MODIFY `platform_id` int NOT NULL AUTO_INCREMENT, AUTO_INCREMENT=4;

--
-- AUTO_INCREMENT for table `state`
--
ALTER TABLE `state`
  MODIFY `state_id` int NOT NULL AUTO_INCREMENT, AUTO_INCREMENT=6;

--
-- AUTO_INCREMENT for table `target_adience_age_group`
--
ALTER TABLE `target_adience_age_group`
  MODIFY `target_adience_age_group_id` int NOT NULL AUTO_INCREMENT, AUTO_INCREMENT=3;

--
-- AUTO_INCREMENT for table `target_audience_gender`
--
ALTER TABLE `target_audience_gender`
  MODIFY `target_audience_gender_id` int NOT NULL AUTO_INCREMENT, AUTO_INCREMENT=3;

--
-- Constraints for dumped tables
--

--
-- Constraints for table `access_tokens`
--
ALTER TABLE `access_tokens`
  ADD CONSTRAINT `access_tokens_ibfk_1` FOREIGN KEY (`influencer_id`) REFERENCES `influencer` (`influencer_id`) ON UPDATE CASCADE,
  ADD CONSTRAINT `access_tokens_ibfk_2` FOREIGN KEY (`brand_id`) REFERENCES `brand` (`brands_id`) ON UPDATE CASCADE;

--
-- Constraints for table `brand`
--
ALTER TABLE `brand`
  ADD CONSTRAINT `brand_ibfk_1` FOREIGN KEY (`city_id`) REFERENCES `city` (`city_id`) ON UPDATE CASCADE,
  ADD CONSTRAINT `brand_ibfk_2` FOREIGN KEY (`state_id`) REFERENCES `state` (`state_id`) ON UPDATE CASCADE,
  ADD CONSTRAINT `brand_ibfk_3` FOREIGN KEY (`brand_type_id`) REFERENCES `brand_type` (`brand_type_id`) ON UPDATE CASCADE;

--
-- Constraints for table `brands_file`
--
ALTER TABLE `brands_file`
  ADD CONSTRAINT `brands_file_ibfk_1` FOREIGN KEY (`brand_id`) REFERENCES `brand` (`brands_id`) ON UPDATE CASCADE;

--
-- Constraints for table `brand_industry`
--
ALTER TABLE `brand_industry`
  ADD CONSTRAINT `brand_industry_ibfk_1` FOREIGN KEY (`brand_id`) REFERENCES `brand` (`brands_id`) ON UPDATE CASCADE,
  ADD CONSTRAINT `brand_industry_ibfk_2` FOREIGN KEY (`industry_id`) REFERENCES `industry` (`industry_id`) ON UPDATE CASCADE;

--
-- Constraints for table `campaign`
--
ALTER TABLE `campaign`
  ADD CONSTRAINT `campaign_ibfk_1` FOREIGN KEY (`brand_id`) REFERENCES `brand` (`brands_id`) ON UPDATE CASCADE,
  ADD CONSTRAINT `campaign_ibfk_2` FOREIGN KEY (`campaign_goal_id`) REFERENCES `campaign_goal` (`campaign_goal_id`) ON UPDATE CASCADE,
  ADD CONSTRAINT `campaign_ibfk_3` FOREIGN KEY (`campaign_status_id`) REFERENCES `campaign_status` (`campaign_status_id`) ON UPDATE CASCADE,
  ADD CONSTRAINT `campaign_ibfk_4` FOREIGN KEY (`payment_status_id`) REFERENCES `campaign_payment_type` (`campaign_payment_type_id`) ON UPDATE CASCADE;

--
-- Constraints for table `campaign_application`
--
ALTER TABLE `campaign_application`
  ADD CONSTRAINT `campaign_application_ibfk_1` FOREIGN KEY (`influencer_id`) REFERENCES `influencer` (`influencer_id`) ON UPDATE CASCADE,
  ADD CONSTRAINT `campaign_application_ibfk_2` FOREIGN KEY (`campaign_id`) REFERENCES `campaign` (`campaign_id`) ON UPDATE CASCADE,
  ADD CONSTRAINT `campaign_application_ibfk_3` FOREIGN KEY (`application_status_id`) REFERENCES `application_status` (`application_status_id`) ON UPDATE CASCADE,
  ADD CONSTRAINT `campaign_application_ibfk_4` FOREIGN KEY (`campaign_status_id`) REFERENCES `campaign_status` (`campaign_status_id`) ON UPDATE CASCADE;

--
-- Constraints for table `campaign_application_content`
--
ALTER TABLE `campaign_application_content`
  ADD CONSTRAINT `campaign_application_content_ibfk_1` FOREIGN KEY (`campaign_applied_id`) REFERENCES `campaign_application` (`campaign_applied_id`) ON UPDATE CASCADE;

--
-- Constraints for table `campaign_application_link`
--
ALTER TABLE `campaign_application_link`
  ADD CONSTRAINT `campaign_application_link_ibfk_1` FOREIGN KEY (`campaign_applied_id`) REFERENCES `campaign_application` (`campaign_applied_id`) ON UPDATE CASCADE;

--
-- Constraints for table `campaign_content_niche`
--
ALTER TABLE `campaign_content_niche`
  ADD CONSTRAINT `campaign_content_niche_ibfk_1` FOREIGN KEY (`campaign_id`) REFERENCES `campaign` (`campaign_id`) ON UPDATE CASCADE,
  ADD CONSTRAINT `campaign_content_niche_ibfk_2` FOREIGN KEY (`content_niche_id`) REFERENCES `content_niche` (`content_niche_id`) ON UPDATE CASCADE;

--
-- Constraints for table `campaign_deliverables`
--
ALTER TABLE `campaign_deliverables`
  ADD CONSTRAINT `campaign_deliverables_ibfk_1` FOREIGN KEY (`campaign_id`) REFERENCES `campaign` (`campaign_id`) ON UPDATE CASCADE,
  ADD CONSTRAINT `campaign_deliverables_ibfk_2` FOREIGN KEY (`influencer_type_id`) REFERENCES `influencer_type` (`influencer_type_id`) ON UPDATE CASCADE;

--
-- Constraints for table `campaign_images`
--
ALTER TABLE `campaign_images`
  ADD CONSTRAINT `campaign_images_ibfk_1` FOREIGN KEY (`campaign_id`) REFERENCES `campaign` (`campaign_id`) ON UPDATE CASCADE;

--
-- Constraints for table `campaign_language`
--
ALTER TABLE `campaign_language`
  ADD CONSTRAINT `campaign_language_ibfk_1` FOREIGN KEY (`language_id`) REFERENCES `language` (`language_id`) ON UPDATE CASCADE,
  ADD CONSTRAINT `campaign_language_ibfk_2` FOREIGN KEY (`campaign_id`) REFERENCES `campaign` (`campaign_id`) ON UPDATE CASCADE;

--
-- Constraints for table `campaign_number_of_influencers`
--
ALTER TABLE `campaign_number_of_influencers`
  ADD CONSTRAINT `campaign_number_of_influencers_ibfk_1` FOREIGN KEY (`campaign_id`) REFERENCES `campaign` (`campaign_id`) ON UPDATE CASCADE;

--
-- Constraints for table `campaign_platform`
--
ALTER TABLE `campaign_platform`
  ADD CONSTRAINT `campaign_platform_ibfk_1` FOREIGN KEY (`platform_id`) REFERENCES `platform` (`platform_id`) ON UPDATE CASCADE,
  ADD CONSTRAINT `campaign_platform_ibfk_2` FOREIGN KEY (`campaign_id`) REFERENCES `campaign` (`campaign_id`) ON UPDATE CASCADE;

--
-- Constraints for table `campaign_target_adience_age_group`
--
ALTER TABLE `campaign_target_adience_age_group`
  ADD CONSTRAINT `campaign_target_adience_age_group_ibfk_1` FOREIGN KEY (`campaign_id`) REFERENCES `campaign` (`campaign_id`) ON UPDATE CASCADE,
  ADD CONSTRAINT `campaign_target_adience_age_group_ibfk_2` FOREIGN KEY (`target_adience_age_group_id`) REFERENCES `target_adience_age_group` (`target_adience_age_group_id`) ON UPDATE CASCADE;

--
-- Constraints for table `campaign_target_audience_gender`
--
ALTER TABLE `campaign_target_audience_gender`
  ADD CONSTRAINT `campaign_target_audience_gender_ibfk_1` FOREIGN KEY (`campaign_id`) REFERENCES `campaign` (`campaign_id`) ON UPDATE CASCADE,
  ADD CONSTRAINT `campaign_target_audience_gender_ibfk_2` FOREIGN KEY (`target_audience_gender_id`) REFERENCES `target_audience_gender` (`target_audience_gender_id`) ON UPDATE CASCADE;

--
-- Constraints for table `city`
--
ALTER TABLE `city`
  ADD CONSTRAINT `city_ibfk_1` FOREIGN KEY (`state_id`) REFERENCES `state` (`state_id`) ON UPDATE CASCADE;

--
-- Constraints for table `comments`
--
ALTER TABLE `comments`
  ADD CONSTRAINT `comments_ibfk_1` FOREIGN KEY (`campaign_applied_id`) REFERENCES `campaign_application` (`campaign_applied_id`) ON UPDATE CASCADE,
  ADD CONSTRAINT `comments_ibfk_2` FOREIGN KEY (`influencer_id`) REFERENCES `influencer` (`influencer_id`) ON UPDATE CASCADE,
  ADD CONSTRAINT `comments_ibfk_3` FOREIGN KEY (`brand_id`) REFERENCES `brand` (`brands_id`) ON UPDATE CASCADE;

--
-- Constraints for table `favourite_influencer`
--
ALTER TABLE `favourite_influencer`
  ADD CONSTRAINT `favourite_influencer_ibfk_1` FOREIGN KEY (`influencer_id`) REFERENCES `influencer` (`influencer_id`) ON UPDATE CASCADE,
  ADD CONSTRAINT `favourite_influencer_ibfk_2` FOREIGN KEY (`brand_id`) REFERENCES `brand` (`brands_id`) ON UPDATE CASCADE;

--
-- Constraints for table `influencer_address`
--
ALTER TABLE `influencer_address`
  ADD CONSTRAINT `influencer_address_ibfk_1` FOREIGN KEY (`influencer_id`) REFERENCES `influencer` (`influencer_id`) ON UPDATE CASCADE,
  ADD CONSTRAINT `influencer_address_ibfk_2` FOREIGN KEY (`city_id`) REFERENCES `city` (`city_id`) ON UPDATE CASCADE,
  ADD CONSTRAINT `influencer_address_ibfk_3` FOREIGN KEY (`state_id`) REFERENCES `state` (`state_id`) ON UPDATE CASCADE;

--
-- Constraints for table `influencer_content_niche`
--
ALTER TABLE `influencer_content_niche`
  ADD CONSTRAINT `influencer_content_niche_ibfk_1` FOREIGN KEY (`influencer_id`) REFERENCES `influencer` (`influencer_id`) ON UPDATE CASCADE,
  ADD CONSTRAINT `influencer_content_niche_ibfk_2` FOREIGN KEY (`content_niche_id`) REFERENCES `content_niche` (`content_niche_id`) ON UPDATE CASCADE;

--
-- Constraints for table `influencer_facebook`
--
ALTER TABLE `influencer_facebook`
  ADD CONSTRAINT `influencer_facebook_ibfk_1` FOREIGN KEY (`influencer_id`) REFERENCES `influencer` (`influencer_id`) ON UPDATE CASCADE;

--
-- Constraints for table `influencer_facebook_post`
--
ALTER TABLE `influencer_facebook_post`
  ADD CONSTRAINT `influencer_facebook_post_ibfk_1` FOREIGN KEY (`influencer_id`) REFERENCES `influencer` (`influencer_id`) ON UPDATE CASCADE;

--
-- Constraints for table `influencer_file`
--
ALTER TABLE `influencer_file`
  ADD CONSTRAINT `influencer_file_ibfk_1` FOREIGN KEY (`influencer_id`) REFERENCES `influencer` (`influencer_id`) ON UPDATE CASCADE;

--
-- Constraints for table `influencer_instagram`
--
ALTER TABLE `influencer_instagram`
  ADD CONSTRAINT `influencer_instagram_ibfk_1` FOREIGN KEY (`influencer_id`) REFERENCES `influencer` (`influencer_id`) ON UPDATE CASCADE;

--
-- Constraints for table `influencer_instagram_post`
--
ALTER TABLE `influencer_instagram_post`
  ADD CONSTRAINT `influencer_instagram_post_ibfk_1` FOREIGN KEY (`influencer_id`) REFERENCES `influencer` (`influencer_id`) ON UPDATE CASCADE;

--
-- Constraints for table `influencer_language`
--
ALTER TABLE `influencer_language`
  ADD CONSTRAINT `influencer_language_ibfk_1` FOREIGN KEY (`language_id`) REFERENCES `language` (`language_id`) ON UPDATE CASCADE,
  ADD CONSTRAINT `influencer_language_ibfk_2` FOREIGN KEY (`influencer_id`) REFERENCES `influencer` (`influencer_id`) ON UPDATE CASCADE;

--
-- Constraints for table `influencer_price`
--
ALTER TABLE `influencer_price`
  ADD CONSTRAINT `influencer_price_ibfk_1` FOREIGN KEY (`influencer_id`) REFERENCES `influencer` (`influencer_id`) ON UPDATE CASCADE;

--
-- Constraints for table `influencer_profile_status`
--
ALTER TABLE `influencer_profile_status`
  ADD CONSTRAINT `influencer_profile_status_ibfk_1` FOREIGN KEY (`influencer_id`) REFERENCES `influencer` (`influencer_id`) ON UPDATE CASCADE;

--
-- Constraints for table `influencer_youtube`
--
ALTER TABLE `influencer_youtube`
  ADD CONSTRAINT `influencer_youtube_ibfk_1` FOREIGN KEY (`influencer_id`) REFERENCES `influencer` (`influencer_id`) ON UPDATE CASCADE;

--
-- Constraints for table `otp`
--
ALTER TABLE `otp`
  ADD CONSTRAINT `otp_ibfk_1` FOREIGN KEY (`influencer_id`) REFERENCES `influencer` (`influencer_id`) ON UPDATE CASCADE,
  ADD CONSTRAINT `otp_ibfk_2` FOREIGN KEY (`brand_id`) REFERENCES `brand` (`brands_id`) ON UPDATE CASCADE;
COMMIT;

/*!40101 SET CHARACTER_SET_CLIENT=@OLD_CHARACTER_SET_CLIENT */;
/*!40101 SET CHARACTER_SET_RESULTS=@OLD_CHARACTER_SET_RESULTS */;
/*!40101 SET COLLATION_CONNECTION=@OLD_COLLATION_CONNECTION */;
